--
-- PostgreSQL database dump
--

-- Dumped from database version 14.17 (Ubuntu 14.17-0ubuntu0.22.04.1)
-- Dumped by pg_dump version 14.17 (Ubuntu 14.17-0ubuntu0.22.04.1)

SET statement_timeout = 0;
SET lock_timeout = 0;
SET idle_in_transaction_session_timeout = 0;
SET client_encoding = 'UTF8';
SET standard_conforming_strings = on;
SELECT pg_catalog.set_config('search_path', '', false);
SET check_function_bodies = false;
SET xmloption = content;
SET client_min_messages = warning;
SET row_security = off;

--
-- Name: public; Type: SCHEMA; Schema: -; Owner: postgres
--

CREATE SCHEMA public;


ALTER SCHEMA public OWNER TO postgres;

--
-- Name: SCHEMA public; Type: COMMENT; Schema: -; Owner: postgres
--

COMMENT ON SCHEMA public IS 'standard public schema';


SET default_tablespace = '';

SET default_table_access_method = heap;

--
-- Name: admin_panel_adminuser; Type: TABLE; Schema: public; Owner: gr10
--

CREATE TABLE public.admin_panel_adminuser (
    id bigint NOT NULL,
    password character varying(128) NOT NULL,
    last_login timestamp with time zone,
    is_superuser boolean NOT NULL,
    username character varying(150) NOT NULL,
    first_name character varying(150) NOT NULL,
    last_name character varying(150) NOT NULL,
    email character varying(254) NOT NULL,
    is_staff boolean NOT NULL,
    is_active boolean NOT NULL,
    date_joined timestamp with time zone NOT NULL,
    role character varying(20) NOT NULL
);


ALTER TABLE public.admin_panel_adminuser OWNER TO gr10;

--
-- Name: admin_panel_adminuser_groups; Type: TABLE; Schema: public; Owner: gr10
--

CREATE TABLE public.admin_panel_adminuser_groups (
    id bigint NOT NULL,
    adminuser_id bigint NOT NULL,
    group_id integer NOT NULL
);


ALTER TABLE public.admin_panel_adminuser_groups OWNER TO gr10;

--
-- Name: admin_panel_adminuser_groups_id_seq; Type: SEQUENCE; Schema: public; Owner: gr10
--

ALTER TABLE public.admin_panel_adminuser_groups ALTER COLUMN id ADD GENERATED BY DEFAULT AS IDENTITY (
    SEQUENCE NAME public.admin_panel_adminuser_groups_id_seq
    START WITH 1
    INCREMENT BY 1
    NO MINVALUE
    NO MAXVALUE
    CACHE 1
);


--
-- Name: admin_panel_adminuser_id_seq; Type: SEQUENCE; Schema: public; Owner: gr10
--

ALTER TABLE public.admin_panel_adminuser ALTER COLUMN id ADD GENERATED BY DEFAULT AS IDENTITY (
    SEQUENCE NAME public.admin_panel_adminuser_id_seq
    START WITH 1
    INCREMENT BY 1
    NO MINVALUE
    NO MAXVALUE
    CACHE 1
);


--
-- Name: admin_panel_adminuser_user_permissions; Type: TABLE; Schema: public; Owner: gr10
--

CREATE TABLE public.admin_panel_adminuser_user_permissions (
    id bigint NOT NULL,
    adminuser_id bigint NOT NULL,
    permission_id integer NOT NULL
);


ALTER TABLE public.admin_panel_adminuser_user_permissions OWNER TO gr10;

--
-- Name: admin_panel_adminuser_user_permissions_id_seq; Type: SEQUENCE; Schema: public; Owner: gr10
--

ALTER TABLE public.admin_panel_adminuser_user_permissions ALTER COLUMN id ADD GENERATED BY DEFAULT AS IDENTITY (
    SEQUENCE NAME public.admin_panel_adminuser_user_permissions_id_seq
    START WITH 1
    INCREMENT BY 1
    NO MINVALUE
    NO MAXVALUE
    CACHE 1
);


--
-- Name: auth_group; Type: TABLE; Schema: public; Owner: gr10
--

CREATE TABLE public.auth_group (
    id integer NOT NULL,
    name character varying(150) NOT NULL
);


ALTER TABLE public.auth_group OWNER TO gr10;

--
-- Name: auth_group_id_seq; Type: SEQUENCE; Schema: public; Owner: gr10
--

ALTER TABLE public.auth_group ALTER COLUMN id ADD GENERATED BY DEFAULT AS IDENTITY (
    SEQUENCE NAME public.auth_group_id_seq
    START WITH 1
    INCREMENT BY 1
    NO MINVALUE
    NO MAXVALUE
    CACHE 1
);


--
-- Name: auth_group_permissions; Type: TABLE; Schema: public; Owner: gr10
--

CREATE TABLE public.auth_group_permissions (
    id bigint NOT NULL,
    group_id integer NOT NULL,
    permission_id integer NOT NULL
);


ALTER TABLE public.auth_group_permissions OWNER TO gr10;

--
-- Name: auth_group_permissions_id_seq; Type: SEQUENCE; Schema: public; Owner: gr10
--

ALTER TABLE public.auth_group_permissions ALTER COLUMN id ADD GENERATED BY DEFAULT AS IDENTITY (
    SEQUENCE NAME public.auth_group_permissions_id_seq
    START WITH 1
    INCREMENT BY 1
    NO MINVALUE
    NO MAXVALUE
    CACHE 1
);


--
-- Name: auth_permission; Type: TABLE; Schema: public; Owner: gr10
--

CREATE TABLE public.auth_permission (
    id integer NOT NULL,
    name character varying(255) NOT NULL,
    content_type_id integer NOT NULL,
    codename character varying(100) NOT NULL
);


ALTER TABLE public.auth_permission OWNER TO gr10;

--
-- Name: auth_permission_id_seq; Type: SEQUENCE; Schema: public; Owner: gr10
--

ALTER TABLE public.auth_permission ALTER COLUMN id ADD GENERATED BY DEFAULT AS IDENTITY (
    SEQUENCE NAME public.auth_permission_id_seq
    START WITH 1
    INCREMENT BY 1
    NO MINVALUE
    NO MAXVALUE
    CACHE 1
);


--
-- Name: django_admin_log; Type: TABLE; Schema: public; Owner: gr10
--

CREATE TABLE public.django_admin_log (
    id integer NOT NULL,
    action_time timestamp with time zone NOT NULL,
    object_id text,
    object_repr character varying(200) NOT NULL,
    action_flag smallint NOT NULL,
    change_message text NOT NULL,
    content_type_id integer,
    user_id bigint NOT NULL,
    CONSTRAINT django_admin_log_action_flag_check CHECK ((action_flag >= 0))
);


ALTER TABLE public.django_admin_log OWNER TO gr10;

--
-- Name: django_admin_log_id_seq; Type: SEQUENCE; Schema: public; Owner: gr10
--

ALTER TABLE public.django_admin_log ALTER COLUMN id ADD GENERATED BY DEFAULT AS IDENTITY (
    SEQUENCE NAME public.django_admin_log_id_seq
    START WITH 1
    INCREMENT BY 1
    NO MINVALUE
    NO MAXVALUE
    CACHE 1
);


--
-- Name: django_content_type; Type: TABLE; Schema: public; Owner: gr10
--

CREATE TABLE public.django_content_type (
    id integer NOT NULL,
    app_label character varying(100) NOT NULL,
    model character varying(100) NOT NULL
);


ALTER TABLE public.django_content_type OWNER TO gr10;

--
-- Name: django_content_type_id_seq; Type: SEQUENCE; Schema: public; Owner: gr10
--

ALTER TABLE public.django_content_type ALTER COLUMN id ADD GENERATED BY DEFAULT AS IDENTITY (
    SEQUENCE NAME public.django_content_type_id_seq
    START WITH 1
    INCREMENT BY 1
    NO MINVALUE
    NO MAXVALUE
    CACHE 1
);


--
-- Name: django_migrations; Type: TABLE; Schema: public; Owner: gr10
--

CREATE TABLE public.django_migrations (
    id bigint NOT NULL,
    app character varying(255) NOT NULL,
    name character varying(255) NOT NULL,
    applied timestamp with time zone NOT NULL
);


ALTER TABLE public.django_migrations OWNER TO gr10;

--
-- Name: django_migrations_id_seq; Type: SEQUENCE; Schema: public; Owner: gr10
--

ALTER TABLE public.django_migrations ALTER COLUMN id ADD GENERATED BY DEFAULT AS IDENTITY (
    SEQUENCE NAME public.django_migrations_id_seq
    START WITH 1
    INCREMENT BY 1
    NO MINVALUE
    NO MAXVALUE
    CACHE 1
);


--
-- Name: django_session; Type: TABLE; Schema: public; Owner: gr10
--

CREATE TABLE public.django_session (
    session_key character varying(40) NOT NULL,
    session_data text NOT NULL,
    expire_date timestamp with time zone NOT NULL
);


ALTER TABLE public.django_session OWNER TO gr10;

--
-- Name: marketplace_artifact; Type: TABLE; Schema: public; Owner: gr10
--

CREATE TABLE public.marketplace_artifact (
    id bigint NOT NULL,
    name character varying(100) NOT NULL,
    description text NOT NULL,
    price numeric(10,2) NOT NULL,
    created_at timestamp with time zone NOT NULL,
    seller_id bigint NOT NULL
);


ALTER TABLE public.marketplace_artifact OWNER TO gr10;

--
-- Name: marketplace_artifact_id_seq; Type: SEQUENCE; Schema: public; Owner: gr10
--

ALTER TABLE public.marketplace_artifact ALTER COLUMN id ADD GENERATED BY DEFAULT AS IDENTITY (
    SEQUENCE NAME public.marketplace_artifact_id_seq
    START WITH 1
    INCREMENT BY 1
    NO MINVALUE
    NO MAXVALUE
    CACHE 1
);


--
-- Name: marketplace_category; Type: TABLE; Schema: public; Owner: gr10
--

CREATE TABLE public.marketplace_category (
    id bigint NOT NULL,
    name character varying(100) NOT NULL
);


ALTER TABLE public.marketplace_category OWNER TO gr10;

--
-- Name: marketplace_category_id_seq; Type: SEQUENCE; Schema: public; Owner: gr10
--

ALTER TABLE public.marketplace_category ALTER COLUMN id ADD GENERATED BY DEFAULT AS IDENTITY (
    SEQUENCE NAME public.marketplace_category_id_seq
    START WITH 1
    INCREMENT BY 1
    NO MINVALUE
    NO MAXVALUE
    CACHE 1
);


--
-- Name: marketplace_order; Type: TABLE; Schema: public; Owner: gr10
--

CREATE TABLE public.marketplace_order (
    id bigint NOT NULL,
    ordered_at timestamp with time zone NOT NULL,
    status character varying(50) NOT NULL,
    buyer_id bigint NOT NULL,
    product_id bigint NOT NULL
);


ALTER TABLE public.marketplace_order OWNER TO gr10;

--
-- Name: marketplace_order_id_seq; Type: SEQUENCE; Schema: public; Owner: gr10
--

ALTER TABLE public.marketplace_order ALTER COLUMN id ADD GENERATED BY DEFAULT AS IDENTITY (
    SEQUENCE NAME public.marketplace_order_id_seq
    START WITH 1
    INCREMENT BY 1
    NO MINVALUE
    NO MAXVALUE
    CACHE 1
);


--
-- Name: marketplace_product; Type: TABLE; Schema: public; Owner: gr10
--

CREATE TABLE public.marketplace_product (
    id bigint NOT NULL,
    title character varying(100) NOT NULL,
    description text NOT NULL,
    price numeric(10,2) NOT NULL,
    image character varying(100) NOT NULL,
    created_at timestamp with time zone NOT NULL,
    is_sold boolean NOT NULL,
    category_id bigint,
    seller_id bigint
);


ALTER TABLE public.marketplace_product OWNER TO gr10;

--
-- Name: marketplace_product_id_seq; Type: SEQUENCE; Schema: public; Owner: gr10
--

ALTER TABLE public.marketplace_product ALTER COLUMN id ADD GENERATED BY DEFAULT AS IDENTITY (
    SEQUENCE NAME public.marketplace_product_id_seq
    START WITH 1
    INCREMENT BY 1
    NO MINVALUE
    NO MAXVALUE
    CACHE 1
);


--
-- Name: user_auth_block; Type: TABLE; Schema: public; Owner: gr10
--

CREATE TABLE public.user_auth_block (
    id bigint NOT NULL,
    "timestamp" timestamp with time zone NOT NULL,
    blocked_id bigint NOT NULL,
    blocker_id bigint NOT NULL
);


ALTER TABLE public.user_auth_block OWNER TO gr10;

--
-- Name: user_auth_block_id_seq; Type: SEQUENCE; Schema: public; Owner: gr10
--

ALTER TABLE public.user_auth_block ALTER COLUMN id ADD GENERATED BY DEFAULT AS IDENTITY (
    SEQUENCE NAME public.user_auth_block_id_seq
    START WITH 1
    INCREMENT BY 1
    NO MINVALUE
    NO MAXVALUE
    CACHE 1
);


--
-- Name: user_auth_customuser; Type: TABLE; Schema: public; Owner: gr10
--

CREATE TABLE public.user_auth_customuser (
    id bigint NOT NULL,
    password character varying(128) NOT NULL,
    last_login timestamp with time zone,
    is_superuser boolean NOT NULL,
    first_name character varying(150) NOT NULL,
    last_name character varying(150) NOT NULL,
    is_staff boolean NOT NULL,
    is_active boolean NOT NULL,
    date_joined timestamp with time zone NOT NULL,
    username character varying(150) NOT NULL,
    email character varying(254) NOT NULL,
    profile_picture character varying(100),
    is_verified boolean NOT NULL,
    verification_document character varying(100),
    document character varying(100),
    "Balance" double precision NOT NULL,
    bio text
);


ALTER TABLE public.user_auth_customuser OWNER TO gr10;

--
-- Name: user_auth_customuser_groups; Type: TABLE; Schema: public; Owner: gr10
--

CREATE TABLE public.user_auth_customuser_groups (
    id bigint NOT NULL,
    customuser_id bigint NOT NULL,
    group_id integer NOT NULL
);


ALTER TABLE public.user_auth_customuser_groups OWNER TO gr10;

--
-- Name: user_auth_customuser_groups_id_seq; Type: SEQUENCE; Schema: public; Owner: gr10
--

ALTER TABLE public.user_auth_customuser_groups ALTER COLUMN id ADD GENERATED BY DEFAULT AS IDENTITY (
    SEQUENCE NAME public.user_auth_customuser_groups_id_seq
    START WITH 1
    INCREMENT BY 1
    NO MINVALUE
    NO MAXVALUE
    CACHE 1
);


--
-- Name: user_auth_customuser_id_seq; Type: SEQUENCE; Schema: public; Owner: gr10
--

ALTER TABLE public.user_auth_customuser ALTER COLUMN id ADD GENERATED BY DEFAULT AS IDENTITY (
    SEQUENCE NAME public.user_auth_customuser_id_seq
    START WITH 1
    INCREMENT BY 1
    NO MINVALUE
    NO MAXVALUE
    CACHE 1
);


--
-- Name: user_auth_customuser_user_permissions; Type: TABLE; Schema: public; Owner: gr10
--

CREATE TABLE public.user_auth_customuser_user_permissions (
    id bigint NOT NULL,
    customuser_id bigint NOT NULL,
    permission_id integer NOT NULL
);


ALTER TABLE public.user_auth_customuser_user_permissions OWNER TO gr10;

--
-- Name: user_auth_customuser_user_permissions_id_seq; Type: SEQUENCE; Schema: public; Owner: gr10
--

ALTER TABLE public.user_auth_customuser_user_permissions ALTER COLUMN id ADD GENERATED BY DEFAULT AS IDENTITY (
    SEQUENCE NAME public.user_auth_customuser_user_permissions_id_seq
    START WITH 1
    INCREMENT BY 1
    NO MINVALUE
    NO MAXVALUE
    CACHE 1
);


--
-- Name: user_auth_friendrequest; Type: TABLE; Schema: public; Owner: gr10
--

CREATE TABLE public.user_auth_friendrequest (
    id bigint NOT NULL,
    status character varying(10) NOT NULL,
    "timestamp" timestamp with time zone NOT NULL,
    from_user_id bigint NOT NULL,
    to_user_id bigint NOT NULL
);


ALTER TABLE public.user_auth_friendrequest OWNER TO gr10;

--
-- Name: user_auth_friendrequest_id_seq; Type: SEQUENCE; Schema: public; Owner: gr10
--

ALTER TABLE public.user_auth_friendrequest ALTER COLUMN id ADD GENERATED BY DEFAULT AS IDENTITY (
    SEQUENCE NAME public.user_auth_friendrequest_id_seq
    START WITH 1
    INCREMENT BY 1
    NO MINVALUE
    NO MAXVALUE
    CACHE 1
);


--
-- Name: user_auth_groupchat; Type: TABLE; Schema: public; Owner: gr10
--

CREATE TABLE public.user_auth_groupchat (
    id bigint NOT NULL,
    name character varying(255) NOT NULL,
    created_at timestamp with time zone NOT NULL
);


ALTER TABLE public.user_auth_groupchat OWNER TO gr10;

--
-- Name: user_auth_groupchat_id_seq; Type: SEQUENCE; Schema: public; Owner: gr10
--

ALTER TABLE public.user_auth_groupchat ALTER COLUMN id ADD GENERATED BY DEFAULT AS IDENTITY (
    SEQUENCE NAME public.user_auth_groupchat_id_seq
    START WITH 1
    INCREMENT BY 1
    NO MINVALUE
    NO MAXVALUE
    CACHE 1
);


--
-- Name: user_auth_groupchat_members; Type: TABLE; Schema: public; Owner: gr10
--

CREATE TABLE public.user_auth_groupchat_members (
    id bigint NOT NULL,
    groupchat_id bigint NOT NULL,
    customuser_id bigint NOT NULL
);


ALTER TABLE public.user_auth_groupchat_members OWNER TO gr10;

--
-- Name: user_auth_groupchat_members_id_seq; Type: SEQUENCE; Schema: public; Owner: gr10
--

ALTER TABLE public.user_auth_groupchat_members ALTER COLUMN id ADD GENERATED BY DEFAULT AS IDENTITY (
    SEQUENCE NAME public.user_auth_groupchat_members_id_seq
    START WITH 1
    INCREMENT BY 1
    NO MINVALUE
    NO MAXVALUE
    CACHE 1
);


--
-- Name: user_auth_groupmessage; Type: TABLE; Schema: public; Owner: gr10
--

CREATE TABLE public.user_auth_groupmessage (
    id bigint NOT NULL,
    encrypted_content text,
    media character varying(100),
    is_encrypted boolean NOT NULL,
    "timestamp" timestamp with time zone NOT NULL,
    group_id bigint NOT NULL,
    sender_id bigint NOT NULL,
    expires_at timestamp with time zone,
    expires_in integer,
    is_ephemeral boolean NOT NULL
);


ALTER TABLE public.user_auth_groupmessage OWNER TO gr10;

--
-- Name: user_auth_groupmessage_id_seq; Type: SEQUENCE; Schema: public; Owner: gr10
--

ALTER TABLE public.user_auth_groupmessage ALTER COLUMN id ADD GENERATED BY DEFAULT AS IDENTITY (
    SEQUENCE NAME public.user_auth_groupmessage_id_seq
    START WITH 1
    INCREMENT BY 1
    NO MINVALUE
    NO MAXVALUE
    CACHE 1
);


--
-- Name: user_auth_message; Type: TABLE; Schema: public; Owner: gr10
--

CREATE TABLE public.user_auth_message (
    id bigint NOT NULL,
    encrypted_content text,
    is_encrypted boolean NOT NULL,
    "timestamp" timestamp with time zone NOT NULL,
    receiver_id bigint NOT NULL,
    sender_id bigint NOT NULL,
    media character varying(100),
    expires_at timestamp with time zone,
    expires_in integer,
    is_ephemeral boolean NOT NULL
);


ALTER TABLE public.user_auth_message OWNER TO gr10;

--
-- Name: user_auth_message_id_seq; Type: SEQUENCE; Schema: public; Owner: gr10
--

ALTER TABLE public.user_auth_message ALTER COLUMN id ADD GENERATED BY DEFAULT AS IDENTITY (
    SEQUENCE NAME public.user_auth_message_id_seq
    START WITH 1
    INCREMENT BY 1
    NO MINVALUE
    NO MAXVALUE
    CACHE 1
);


--
-- Name: user_auth_otpverification; Type: TABLE; Schema: public; Owner: gr10
--

CREATE TABLE public.user_auth_otpverification (
    id bigint NOT NULL,
    otp_secret_key character varying(100) NOT NULL,
    valid_until timestamp with time zone NOT NULL,
    user_id bigint NOT NULL
);


ALTER TABLE public.user_auth_otpverification OWNER TO gr10;

--
-- Name: user_auth_otpverification_id_seq; Type: SEQUENCE; Schema: public; Owner: gr10
--

ALTER TABLE public.user_auth_otpverification ALTER COLUMN id ADD GENERATED BY DEFAULT AS IDENTITY (
    SEQUENCE NAME public.user_auth_otpverification_id_seq
    START WITH 1
    INCREMENT BY 1
    NO MINVALUE
    NO MAXVALUE
    CACHE 1
);


--
-- Name: user_auth_relationship; Type: TABLE; Schema: public; Owner: gr10
--

CREATE TABLE public.user_auth_relationship (
    id bigint NOT NULL,
    status character varying(20) NOT NULL,
    created_at timestamp with time zone NOT NULL,
    from_user_id bigint NOT NULL,
    to_user_id bigint NOT NULL
);


ALTER TABLE public.user_auth_relationship OWNER TO gr10;

--
-- Name: user_auth_relationship_id_seq; Type: SEQUENCE; Schema: public; Owner: gr10
--

ALTER TABLE public.user_auth_relationship ALTER COLUMN id ADD GENERATED BY DEFAULT AS IDENTITY (
    SEQUENCE NAME public.user_auth_relationship_id_seq
    START WITH 1
    INCREMENT BY 1
    NO MINVALUE
    NO MAXVALUE
    CACHE 1
);


--
-- Name: user_auth_report; Type: TABLE; Schema: public; Owner: gr10
--

CREATE TABLE public.user_auth_report (
    id bigint NOT NULL,
    reason text NOT NULL,
    "timestamp" timestamp with time zone NOT NULL,
    reported_by_id bigint NOT NULL,
    reported_user_id bigint NOT NULL
);


ALTER TABLE public.user_auth_report OWNER TO gr10;

--
-- Name: user_auth_report_id_seq; Type: SEQUENCE; Schema: public; Owner: gr10
--

ALTER TABLE public.user_auth_report ALTER COLUMN id ADD GENERATED BY DEFAULT AS IDENTITY (
    SEQUENCE NAME public.user_auth_report_id_seq
    START WITH 1
    INCREMENT BY 1
    NO MINVALUE
    NO MAXVALUE
    CACHE 1
);


--
-- Name: user_auth_transaction; Type: TABLE; Schema: public; Owner: gr10
--

CREATE TABLE public.user_auth_transaction (
    id bigint NOT NULL,
    amount numeric(10,2) NOT NULL,
    "timestamp" timestamp with time zone NOT NULL,
    receiver_id bigint NOT NULL,
    sender_id bigint NOT NULL
);


ALTER TABLE public.user_auth_transaction OWNER TO gr10;

--
-- Name: user_auth_transaction_id_seq; Type: SEQUENCE; Schema: public; Owner: gr10
--

ALTER TABLE public.user_auth_transaction ALTER COLUMN id ADD GENERATED BY DEFAULT AS IDENTITY (
    SEQUENCE NAME public.user_auth_transaction_id_seq
    START WITH 1
    INCREMENT BY 1
    NO MINVALUE
    NO MAXVALUE
    CACHE 1
);


--
-- Name: user_auth_userprofile; Type: TABLE; Schema: public; Owner: gr10
--

CREATE TABLE public.user_auth_userprofile (
    id bigint NOT NULL,
    followers_count integer NOT NULL,
    following_count integer NOT NULL,
    user_id bigint NOT NULL,
    CONSTRAINT user_auth_userprofile_followers_count_check CHECK ((followers_count >= 0)),
    CONSTRAINT user_auth_userprofile_following_count_check CHECK ((following_count >= 0))
);


ALTER TABLE public.user_auth_userprofile OWNER TO gr10;

--
-- Name: user_auth_userprofile_id_seq; Type: SEQUENCE; Schema: public; Owner: gr10
--

ALTER TABLE public.user_auth_userprofile ALTER COLUMN id ADD GENERATED BY DEFAULT AS IDENTITY (
    SEQUENCE NAME public.user_auth_userprofile_id_seq
    START WITH 1
    INCREMENT BY 1
    NO MINVALUE
    NO MAXVALUE
    CACHE 1
);


--
-- Data for Name: admin_panel_adminuser; Type: TABLE DATA; Schema: public; Owner: gr10
--

COPY public.admin_panel_adminuser (id, password, last_login, is_superuser, username, first_name, last_name, email, is_staff, is_active, date_joined, role) FROM stdin;
\.


--
-- Data for Name: admin_panel_adminuser_groups; Type: TABLE DATA; Schema: public; Owner: gr10
--

COPY public.admin_panel_adminuser_groups (id, adminuser_id, group_id) FROM stdin;
\.


--
-- Data for Name: admin_panel_adminuser_user_permissions; Type: TABLE DATA; Schema: public; Owner: gr10
--

COPY public.admin_panel_adminuser_user_permissions (id, adminuser_id, permission_id) FROM stdin;
\.


--
-- Data for Name: auth_group; Type: TABLE DATA; Schema: public; Owner: gr10
--

COPY public.auth_group (id, name) FROM stdin;
\.


--
-- Data for Name: auth_group_permissions; Type: TABLE DATA; Schema: public; Owner: gr10
--

COPY public.auth_group_permissions (id, group_id, permission_id) FROM stdin;
\.


--
-- Data for Name: auth_permission; Type: TABLE DATA; Schema: public; Owner: gr10
--

COPY public.auth_permission (id, name, content_type_id, codename) FROM stdin;
1	Can add permission	1	add_permission
2	Can change permission	1	change_permission
3	Can delete permission	1	delete_permission
4	Can view permission	1	view_permission
5	Can add group	2	add_group
6	Can change group	2	change_group
7	Can delete group	2	delete_group
8	Can view group	2	view_group
9	Can add log entry	3	add_logentry
10	Can change log entry	3	change_logentry
11	Can delete log entry	3	delete_logentry
12	Can view log entry	3	view_logentry
13	Can add content type	4	add_contenttype
14	Can change content type	4	change_contenttype
15	Can delete content type	4	delete_contenttype
16	Can view content type	4	view_contenttype
17	Can add session	5	add_session
18	Can change session	5	change_session
19	Can delete session	5	delete_session
20	Can view session	5	view_session
21	Can add user	6	add_customuser
22	Can change user	6	change_customuser
23	Can delete user	6	delete_customuser
24	Can view user	6	view_customuser
25	Can add message	7	add_message
26	Can change message	7	change_message
27	Can delete message	7	delete_message
28	Can view message	7	view_message
29	Can add user	8	add_adminuser
30	Can change user	8	change_adminuser
31	Can delete user	8	delete_adminuser
32	Can view user	8	view_adminuser
33	Can add group message	9	add_groupmessage
34	Can change group message	9	change_groupmessage
35	Can delete group message	9	delete_groupmessage
36	Can view group message	9	view_groupmessage
37	Can add group chat	10	add_groupchat
38	Can change group chat	10	change_groupchat
39	Can delete group chat	10	delete_groupchat
40	Can view group chat	10	view_groupchat
41	Can add transaction	11	add_transaction
42	Can change transaction	11	change_transaction
43	Can delete transaction	11	delete_transaction
44	Can view transaction	11	view_transaction
45	Can add otp verification	12	add_otpverification
46	Can change otp verification	12	change_otpverification
47	Can delete otp verification	12	delete_otpverification
48	Can view otp verification	12	view_otpverification
49	Can add order	13	add_order
50	Can change order	13	change_order
51	Can delete order	13	delete_order
52	Can view order	13	view_order
53	Can add product	14	add_product
54	Can change product	14	change_product
55	Can delete product	14	delete_product
56	Can view product	14	view_product
57	Can add artifact	15	add_artifact
58	Can change artifact	15	change_artifact
59	Can delete artifact	15	delete_artifact
60	Can view artifact	15	view_artifact
61	Can add category	16	add_category
62	Can change category	16	change_category
63	Can delete category	16	delete_category
64	Can view category	16	view_category
65	Can add user profile	17	add_userprofile
66	Can change user profile	17	change_userprofile
67	Can delete user profile	17	delete_userprofile
68	Can view user profile	17	view_userprofile
69	Can add relationship	18	add_relationship
70	Can change relationship	18	change_relationship
71	Can delete relationship	18	delete_relationship
72	Can view relationship	18	view_relationship
73	Can add friend request	19	add_friendrequest
74	Can change friend request	19	change_friendrequest
75	Can delete friend request	19	delete_friendrequest
76	Can view friend request	19	view_friendrequest
77	Can add report	20	add_report
78	Can change report	20	change_report
79	Can delete report	20	delete_report
80	Can view report	20	view_report
81	Can add block	21	add_block
82	Can change block	21	change_block
83	Can delete block	21	delete_block
84	Can view block	21	view_block
\.


--
-- Data for Name: django_admin_log; Type: TABLE DATA; Schema: public; Owner: gr10
--

COPY public.django_admin_log (id, action_time, object_id, object_repr, action_flag, change_message, content_type_id, user_id) FROM stdin;
\.


--
-- Data for Name: django_content_type; Type: TABLE DATA; Schema: public; Owner: gr10
--

COPY public.django_content_type (id, app_label, model) FROM stdin;
1	auth	permission
2	auth	group
3	admin	logentry
4	contenttypes	contenttype
5	sessions	session
6	user_auth	customuser
7	user_auth	message
8	admin_panel	adminuser
9	user_auth	groupmessage
10	user_auth	groupchat
11	user_auth	transaction
12	user_auth	otpverification
13	marketplace	order
14	marketplace	product
15	marketplace	artifact
16	marketplace	category
17	user_auth	userprofile
18	user_auth	relationship
19	user_auth	friendrequest
20	user_auth	report
21	user_auth	block
\.


--
-- Data for Name: django_migrations; Type: TABLE DATA; Schema: public; Owner: gr10
--

COPY public.django_migrations (id, app, name, applied) FROM stdin;
1	contenttypes	0001_initial	2025-02-15 11:32:18.303916+00
2	contenttypes	0002_remove_content_type_name	2025-02-15 11:32:18.310014+00
3	auth	0001_initial	2025-02-15 11:32:18.345349+00
4	auth	0002_alter_permission_name_max_length	2025-02-15 11:32:18.3492+00
5	auth	0003_alter_user_email_max_length	2025-02-15 11:32:18.353717+00
6	auth	0004_alter_user_username_opts	2025-02-15 11:32:18.358121+00
7	auth	0005_alter_user_last_login_null	2025-02-15 11:32:18.363536+00
8	auth	0006_require_contenttypes_0002	2025-02-15 11:32:18.364446+00
9	auth	0007_alter_validators_add_error_messages	2025-02-15 11:32:18.368512+00
10	auth	0008_alter_user_username_max_length	2025-02-15 11:32:18.373024+00
11	auth	0009_alter_user_last_name_max_length	2025-02-15 11:32:18.377408+00
12	auth	0010_alter_group_name_max_length	2025-02-15 11:32:18.382439+00
13	auth	0011_update_proxy_permissions	2025-02-15 11:32:18.386663+00
14	auth	0012_alter_user_first_name_max_length	2025-02-15 11:32:18.391044+00
19	sessions	0001_initial	2025-02-15 11:32:18.449634+00
20	user_auth	0002_customuser_is_verified_message	2025-02-28 05:48:06.614689+00
21	user_auth	0003_customuser_verification_document	2025-02-28 07:47:47.548966+00
22	admin_panel	0001_initial	2025-02-28 08:30:34.083043+00
23	user_auth	0004_customuser_document_message_is_encrypted_and_more	2025-02-28 17:08:51.637819+00
24	user_auth	0005_groupchat_groupmessage	2025-03-19 13:03:06.285515+00
25	user_auth	0006_alter_customuser_username_alter_groupchat_created_at_and_more	2025-03-19 13:53:04.44388+00
26	user_auth	0007_transaction	2025-03-30 04:48:19.971513+00
27	user_auth	0008_customuser_balance_otpverification	2025-03-30 12:24:24.559944+00
41	user_auth	0001_initial	2025-03-30 13:38:30.62394+00
42	admin	0001_initial	2025-03-30 13:39:09.634184+00
43	admin	0002_logentry_remove_auto_add	2025-03-30 13:39:09.645488+00
44	admin	0003_logentry_add_action_flag_choices	2025-03-30 13:39:09.656162+00
45	user_auth	0002_message_media_alter_message_encrypted_content	2025-04-05 13:53:12.885372+00
46	user_auth	0003_groupmessage_expires_at_groupmessage_expires_in_and_more	2025-04-05 16:33:54.61558+00
47	marketplace	0001_initial	2025-04-05 23:41:05.987877+00
48	marketplace	0002_artifact	2025-04-05 23:41:06.017724+00
49	user_auth	0004_customuser_bio_userprofile_relationship	2025-04-06 21:34:45.453815+00
50	user_auth	0005_alter_relationship_status_friendrequest	2025-04-06 22:46:34.370972+00
51	marketplace	0003_remove_product_seller_alter_product_title	2025-04-08 14:44:11.515156+00
52	user_auth	0006_alter_message_media	2025-04-08 14:44:11.531855+00
53	marketplace	0004_product_seller	2025-04-08 14:46:11.426243+00
54	user_auth	0007_alter_friendrequest_status	2025-04-08 15:42:30.239413+00
55	user_auth	0008_report	2025-04-08 17:05:45.781321+00
56	user_auth	0009_block	2025-04-08 17:21:24.2519+00
\.


--
-- Data for Name: django_session; Type: TABLE DATA; Schema: public; Owner: gr10
--

COPY public.django_session (session_key, session_data, expire_date) FROM stdin;
km03gzljp7m8cg61nldboopjt0d6telx	.eJxVjEEOwiAQRe_C2hCgQ6Eu3XsGMsyAVA0kpV0Z765NutDtf-_9lwi4rSVsPS1hZnEW2ojT7xiRHqnuhO9Yb01Sq-syR7kr8qBdXhun5-Vw_w4K9vKt0VptgLQjYg_ZZJXRktdg_KC0dcw5j0AjRAWUpmwmPTD7pBKxQ7Di_QEH4jhf:1tnvDY:US9Gcw-smsA0RVpxtM0CjlepYGcEpcaAbSYHxGF7d2A	2025-03-14 07:55:32.680176+00
80tvt9gxrpbfa2l29efbs90vhp5qoug1	eyJvdHBfc2VjcmV0X2tleSI6IlBHV1FUV0JPWEJEN09JU0VJRlNCRTNEU1hENEVBUkdaIiwib3RwX3ZhbGlkX2RhdGUiOiIyMDI1LTAzLTMwIDA2OjQ2OjA1LjQxMjMwNCJ9:1tymPp:3RYaBWixALWTBmK3wvkjtkxTtF7rujSCpXBpu7MypfM	2025-04-13 06:45:05.413337+00
\.


--
-- Data for Name: marketplace_artifact; Type: TABLE DATA; Schema: public; Owner: gr10
--

COPY public.marketplace_artifact (id, name, description, price, created_at, seller_id) FROM stdin;
1	Ancient Vase	A relic from old times	100.00	2025-04-05 23:45:33.158503+00	4
2	Magic Scroll	Mysterious scroll with spells	250.00	2025-04-05 23:45:41.366894+00	4
3	Enchanted Sword	A sword imbued with magical powers	500.00	2025-04-05 23:48:58.170861+00	4
4	Golden Crown	An ancient crown worn by kings	750.00	2025-04-05 23:49:14.806283+00	4
5	Crystal Ball	A ball that reveals glimpses of the future	300.00	2025-04-05 23:49:19.810643+00	4
6	Phoenix Feather	A rare feather said to bring rebirth	200.00	2025-04-05 23:49:25.036159+00	4
7	Dragon Egg	An egg rumored to contain a dragon	1000.00	2025-04-05 23:49:33.714076+00	4
8	Ancient Map	Map leading to a lost civilization	150.00	2025-04-05 23:49:38.843654+00	4
9	Mystic Amulet	Amulet that protects against dark forces	400.00	2025-04-05 23:49:45.42911+00	4
10	Runed Tablet	Tablet covered in ancient runes	120.00	2025-04-05 23:49:50.345659+00	4
\.


--
-- Data for Name: marketplace_category; Type: TABLE DATA; Schema: public; Owner: gr10
--

COPY public.marketplace_category (id, name) FROM stdin;
\.


--
-- Data for Name: marketplace_order; Type: TABLE DATA; Schema: public; Owner: gr10
--

COPY public.marketplace_order (id, ordered_at, status, buyer_id, product_id) FROM stdin;
\.


--
-- Data for Name: marketplace_product; Type: TABLE DATA; Schema: public; Owner: gr10
--

COPY public.marketplace_product (id, title, description, price, image, created_at, is_sold, category_id, seller_id) FROM stdin;
1	m	1	123.00	product_images/Armor_ewH5hfY.jpg	2025-04-08 14:46:36.641721+00	f	\N	1
2	hhd	78	555.00	product_images/Armor_pHZwykh.jpg	2025-04-08 14:49:13.313656+00	f	\N	1
3	hhd	888	555.00	product_images/Armor_nmELHHQ.jpg	2025-04-08 14:52:26.848759+00	f	\N	1
4	hhd11	22ss	555.00	product_images/Armor_EczBQSY.jpg	2025-04-08 15:15:27.661147+00	f	\N	1
5	hhd1122	ffff	555.00	product_images/Armor_H9S7smy.jpg	2025-04-08 15:58:15.695652+00	f	\N	1
6	hhd133	ee	555.00	product_images/Armor_SShMqfg.jpg	2025-04-08 16:05:53.238516+00	f	\N	1
7	a1	abc	100.00	product_images/Security-TRAC-Mobile-568x568px.jpg	2025-04-08 17:39:33.024887+00	f	\N	7
8	a1	abc	100.00	product_images/Security-TRAC-Mobile-568x568px_ar3A0TE.jpg	2025-04-08 17:39:33.025489+00	f	\N	7
9	abc	a	100.00	product_images/Security-TRAC-Mobile-568x568px_2bTlBSo.jpg	2025-04-08 17:41:45.949392+00	f	\N	7
10	a1	ec	1000.00	product_images/Security-TRAC-Mobile-568x568px_Cq8QQfM.jpg	2025-04-08 17:42:07.125179+00	f	\N	7
\.


--
-- Data for Name: user_auth_block; Type: TABLE DATA; Schema: public; Owner: gr10
--

COPY public.user_auth_block (id, "timestamp", blocked_id, blocker_id) FROM stdin;
\.


--
-- Data for Name: user_auth_customuser; Type: TABLE DATA; Schema: public; Owner: gr10
--

COPY public.user_auth_customuser (id, password, last_login, is_superuser, first_name, last_name, is_staff, is_active, date_joined, username, email, profile_picture, is_verified, verification_document, document, "Balance", bio) FROM stdin;
2	pbkdf2_sha256$870000$pqtIocPF6MnVqzdfR8rB19$sJfr1xYgAtKz9NHJ4fF2CW1sJNXOR4+I85ZsWbpFT2M=	\N	f			f	t	2025-03-30 13:46:07.35016+00	priya	priya@gmail.com		f			10000	\N
17	pbkdf2_sha256$870000$Z0N9n7UkudExvg0nZTWx2o$R64xenDdW08Ges4dsdlyLcnjecYAZCervQh1haYdO9k=	\N	f			f	t	2025-04-08 07:38:26.476952+00	alice	alice@gmail.com		t			10000	\N
18	pbkdf2_sha256$870000$o4kWcdB76nyUhDH8oIZWZX$l68YP9TxwiDIiVyC7mCDV7Lco5NFhMh2cra/hP5Q4NA=	\N	f			f	t	2025-04-08 16:13:16.974272+00	fri1	fri1@gmail.com		f			10000	\N
4	pbkdf2_sha256$870000$C1pQEuwA4bepFGXVoQM7Wl$JnHMQTrkeQ16XnfzLO9gZfuHSlmBM5Yr+vbJ9D119Hg=	\N	t			t	t	2025-03-30 14:48:22.952817+00	admin	annukumari8985@gmail.com		f			10000	\N
19	pbkdf2_sha256$870000$8tRG3EMzQEfkcjRSnNBdgt$APm4hbXqa5q0rRMa/FKhuvuIwKj0e4Fh7gk0XD2RqQg=	\N	f			f	t	2025-04-08 16:13:35.194174+00	fri2	fri2@gmail.com		f			10000	\N
5	pbkdf2_sha256$870000$m57RqPPxb7LL6ZgFWQc4EM$PArjq9jxP8Nkx64vb81PMUmPY1xEM0H4S7WpwIMN264=	\N	f			f	t	2025-03-30 15:16:27.347366+00	p2	p2@gmail.com		f			10000	\N
6	pbkdf2_sha256$870000$Qm5Qrs3Wq76wSaHwoxYdVc$H97T+rZN4kzToD2I/2+rAKLQ/ICQq3sW/I4RH9E/pto=	\N	f			f	t	2025-03-30 15:16:48.309272+00	p3	p3@gmail.com		f			10000	\N
7	pbkdf2_sha256$870000$s4d7J8YdZXCgddB0eF4Kes$KkGJcy7V7SKkA4v7ZXBe4g7MWWIicVYfoDUHtL2xsQk=	\N	f			f	t	2025-04-05 12:44:46.490351+00	abc	abc@gmail.com		t			10000	\N
8	pbkdf2_sha256$870000$SPNVfM0tmBBufr1c1x9NZv$c0MGv7bEJJDctFvgPr+zTZleMGn0nmi11rl9iYXOHtk=	\N	f			f	t	2025-04-05 12:46:48.183473+00	def	def@gmail.com		t			10000	\N
9	pbkdf2_sha256$870000$ekRarbr77ldpntLxVAyAXs$jh4fv89Kp7NHS8KYwPxxCJx0Kd7Q/4OQ/lYByAwLN2Y=	\N	f			f	t	2025-04-05 17:14:59.426698+00	a270	a270@gmail.com		f			10000	\N
10	pbkdf2_sha256$870000$NJR0AnDLPZ3B9P0Of0qB6O$mllk06L0Mzl40wXImMYUKxq9fgRmwOs2mEmW4yUFNgg=	\N	f			f	t	2025-04-05 23:14:11.244772+00	mani	mani1243@gmail.com	profile_pics/da31ff9e-5f42-43d9-b994-f60920887cc4.webp	f			9000	\N
11	pbkdf2_sha256$870000$4tMD63iZF4IOXZOtV3jPAy$Yu0qQWgqqd7vj/WGOlemFjBHSERuw1Ay5eLx9rxo6o4=	\N	f			f	t	2025-04-06 23:10:19.429492+00	anaya	anaya@gmail.com		f			10000	\N
1	pbkdf2_sha256$870000$UyqZGUSUnFcfwZuoN8iA4n$JjjLDjM6uVV2Z0fJ4PyOY7f08gE+UQtzc/R3JGSxlos=	\N	f			f	t	2025-03-30 13:43:41.013018+00	p1	p1@gmail.com	profile_pics/1eec6cef-acb1-489c-b879-83b9f6b1f28d.jpg	t			5950	\N
3	pbkdf2_sha256$870000$8WZo5EO2TorZBLjj0h5bV0$vExrF25dRAJ3bz3/C+z5DtH7V7d37WKBniPO6FGI6Lc=	\N	f			f	t	2025-03-30 13:47:46.032472+00	admin123	admin123@gmail.com		f			15050	\N
12	pbkdf2_sha256$870000$Pzwscl1sy81fSIoBlOH5mU$LVIXjnMAV5/bhi0HDus3cm5Uh9L0v8PJ5QRsaKyfUJE=	\N	f			f	t	2025-04-07 09:50:59.268039+00	p4	p4@gmail.com		f			10000	\N
13	pbkdf2_sha256$870000$ixoXBbp8enlKNjQAFNCu0Z$gcGVpOQmZprkrppfRl9B/yGXwxW2VN0UldNpm9PQqAE=	\N	f			f	t	2025-04-07 10:48:31.033219+00	p5	p5@gmail.com		f			10000	\N
14	pbkdf2_sha256$870000$yB8yHisb1nOflY7axmXqRe$RsgA4Wn6Vanam2yrpB0oIFHQ96Od8lh5Qw0uCQIBUM0=	\N	f			f	t	2025-04-07 20:16:07.416035+00	wani	annukumari7188@gmail.com		f			10000	\N
15	pbkdf2_sha256$870000$EkRG2bbnBjsCxT0QpY3R6K$qJlLyqpw8ze/eyEyucs8yoxcRQGl+QLswhg7e0mJ4rE=	\N	f			f	t	2025-04-07 23:03:46.251333+00	motu	motu123@gmail.com		f			10000	\N
16	pbkdf2_sha256$870000$xjGG1JovGecu1wRLGalmV4$K9/EQhpBJ8Dmp6UDk3wvvwABpFfIxICmb9kLG4EKgoA=	\N	f			f	t	2025-04-08 07:21:43.778661+00	bob	bob@gmail.com	profile_pics/667b191b-a955-4d49-a973-a4e1ec3e52a5.png	t			10000	\N
\.


--
-- Data for Name: user_auth_customuser_groups; Type: TABLE DATA; Schema: public; Owner: gr10
--

COPY public.user_auth_customuser_groups (id, customuser_id, group_id) FROM stdin;
\.


--
-- Data for Name: user_auth_customuser_user_permissions; Type: TABLE DATA; Schema: public; Owner: gr10
--

COPY public.user_auth_customuser_user_permissions (id, customuser_id, permission_id) FROM stdin;
\.


--
-- Data for Name: user_auth_friendrequest; Type: TABLE DATA; Schema: public; Owner: gr10
--

COPY public.user_auth_friendrequest (id, status, "timestamp", from_user_id, to_user_id) FROM stdin;
59	pending	2025-04-08 16:17:43.879091+00	1	2
60	pending	2025-04-08 16:17:47.939427+00	1	17
61	accepted	2025-04-08 16:17:52.065845+00	1	5
62	pending	2025-04-08 16:18:42.229193+00	5	16
64	pending	2025-04-08 16:19:43.310422+00	10	16
65	pending	2025-04-08 16:19:47.088122+00	10	15
66	pending	2025-04-08 16:20:30.324372+00	10	2
63	accepted	2025-04-08 16:19:26.753263+00	5	7
\.


--
-- Data for Name: user_auth_groupchat; Type: TABLE DATA; Schema: public; Owner: gr10
--

COPY public.user_auth_groupchat (id, name, created_at) FROM stdin;
1	Grp10	2025-03-30 15:12:59.637878+00
3	Grp11	2025-03-30 15:13:32.263632+00
4	Grp12	2025-03-30 15:18:03.696545+00
5	Test_group_1	2025-04-05 14:43:19.634961+00
7	Test_group_def1	2025-04-05 14:44:00.695093+00
9	testgr1	2025-04-05 14:56:56.203628+00
10	Enigms	2025-04-08 08:21:23.801722+00
\.


--
-- Data for Name: user_auth_groupchat_members; Type: TABLE DATA; Schema: public; Owner: gr10
--

COPY public.user_auth_groupchat_members (id, groupchat_id, customuser_id) FROM stdin;
1	3	1
2	3	2
3	3	3
4	4	1
5	4	2
6	4	3
7	4	5
8	4	6
9	9	8
10	9	7
11	10	16
\.


--
-- Data for Name: user_auth_groupmessage; Type: TABLE DATA; Schema: public; Owner: gr10
--

COPY public.user_auth_groupmessage (id, encrypted_content, media, is_encrypted, "timestamp", group_id, sender_id, expires_at, expires_in, is_ephemeral) FROM stdin;
1	gAAAAABn6V-1rdARMM2ycYa-NL1ip6W_TmmebbAXV546bSlgltnPtTGKW9SOlW--m6KWbuJ4tC7w7FRkQZZBDHrxY9HOSYeS7g==		t	2025-03-30 15:13:57.932531+00	3	1	\N	\N	f
2	gAAAAABn6V_Kf9rTSBb5ax6Hzd1Sa38WAKie8V6-dNj-qN6RHDTYGi5QrPrku5uW9IAHlFxJJ53tfIl79xVNL8g9KtN1d51WUA==	chat_media/leo.jpeg	t	2025-03-30 15:14:18.238181+00	3	1	\N	\N	f
3	gAAAAABn6WC1O6gor6qVzWT9Vqw5z4OSePOKlWhPtuc_ZR7ExknCTHPE8WkEWR_GfOPO9fnQvWFVbP64z_HSkSTt3UWb9tqBuw==		t	2025-03-30 15:18:13.459725+00	4	1	\N	\N	f
4	gAAAAABn6WDLVc097kcBkNw16rJGYVEPRjcclgcraySFeeyIoFB1Rdv0nQ89H9KpSM3ktseJGPrA7s8eDJcYQDrEXsfCVS-TDA==	chat_media/2130373-3840x1503-desktop-dual-monitors-gargantua-interstellar-background-photo.jpg	t	2025-03-30 15:18:35.030729+00	4	1	\N	\N	f
5	gAAAAABn6WEC4DQbubMdYYcgosIdzH1UkaaAEPGBhO2wdKXN4XKOVm2avY_Fz_6SVo48O2aHyblD4zC7-M4uoAwO9M9N2gXWVQ==		t	2025-03-30 15:19:30.195853+00	4	5	\N	\N	f
6	gAAAAABn8VN-91_NsxK5I3GHcY2FlP0aPCEk2enXmtlLy9DXN_uPAQpP-2Yb_vo2T_pBhH7Wq-KEvxyg9cDXSWC4W8StzdQD0w==		t	2025-04-05 15:59:58.96647+00	9	8	\N	\N	f
7	\N	chat_media/Security-TRAC-Mobile-568x568px.jpg	f	2025-04-05 16:00:11.325998+00	9	8	\N	\N	f
8	\N	chat_media/2070044-hd_1920_1080_25fps.mp4	f	2025-04-05 16:06:25.750552+00	9	8	\N	\N	f
9	gAAAAABn8VUnlCOGgqDu_CsG2z6f7ZLLeSNSWlKHycLhg4LplvKv0ZMYtbKMRIl7D1WoP1xKybqveLdnEKPrrH1emxZzVnAXvg==		t	2025-04-05 16:07:03.635379+00	9	7	\N	\N	f
10	\N	chat_media/FCS_Course_Proj_Req.pdf	f	2025-04-05 16:07:09.551045+00	9	7	\N	\N	f
11	gAAAAABn8VfFB-DpcoXMRSv4jQw9FgOKxH2St1n7IblQjqQDCyCm9T6XNzPtTfJPDdetV6mpollT1cT_THJ0E9VV4n7L7HXnhw==		t	2025-04-05 16:18:13.850197+00	9	7	\N	\N	f
12	gAAAAABn8Vyr0k_AVOltUlfUqPQqRNExrVaRyxH7XRYADAuelmE-H8n-nQzt0ylr4ueOw2ZioUFoOpRiB56EMNTB_fUmcB_TGA==		t	2025-04-05 16:39:07.528414+00	9	8	2025-04-05 16:39:17.528155+00	10	t
13	gAAAAABn8Wu_VZ1Dnw_bPB3SJCTT_qYgiUeFInf45C2k6UJNNBz2f8-mZEXi3_g7Yz_f2PmZGSoACuvktWWwMGvbVJD9buZc_w==		t	2025-04-05 17:43:27.797691+00	9	8	2025-04-05 17:44:27.797484+00	60	t
14	gAAAAABn8WxZ8rZT1Q8_KTQ3VVOPW8d9N3U_RDoOwkEFnIc1ahIULerOdCAcPpsqiEqX4reFQp6HnXYpKp1_Vsfv5WYOs_Ht9w==		t	2025-04-05 17:46:01.579854+00	9	8	2025-04-05 17:47:01.579648+00	60	t
15	gAAAAABn8WxlCf0ZhHA3oSiCv91Ak7vQvCHkfBzZ6viV0ANQVOY2sEMMToxY5oN-gqPuwzinHWH_Pkyy6Ro-8Wq2ADxBmmjlzA==		t	2025-04-05 17:46:13.895317+00	9	8	\N	\N	f
16	gAAAAABn8WxrJSvE9UcDAKBgZajZaskKnyqQoHgrZSPSxaAHioudYPPKKRFYPOscC8hcb49xDCk6gVU2lDhhM88v5xYDLGCM6w==		t	2025-04-05 17:46:19.61744+00	9	8	2025-04-05 17:46:29.617239+00	10	t
17	gAAAAABn8be_AxqzSKrx67IZ-YXjVdEPQXZZJ3dILltOTa7asJ0qP4pjt1EW_pJV7PnhirdEGiCxQ81RmcK3HIbFRuO_J_wJkA==		t	2025-04-05 23:07:43.968793+00	3	1	\N	\N	f
18	\N	chat_media/Security-TRAC-Mobile-568x568px_LrMdfeo.jpg	f	2025-04-08 17:23:20.596296+00	9	7	\N	\N	f
\.


--
-- Data for Name: user_auth_message; Type: TABLE DATA; Schema: public; Owner: gr10
--

COPY public.user_auth_message (id, encrypted_content, is_encrypted, "timestamp", receiver_id, sender_id, media, expires_at, expires_in, is_ephemeral) FROM stdin;
1	gAAAAABn6V8vfc4htyWtNM3Tab6OUEcwa3iTiF_0hGZfxL44-QJp5-4uUXGlTIghHBMl1rddGZswv0_LCeijgDhMyixPNk5QlQ==	t	2025-03-30 15:11:43.775557+00	2	1	\N	\N	\N	f
2	gAAAAABn6WAjxK5DEaWRbJDXAhVNWyOa5y9TqbYhSeID2SGRG0pEJK6fyhCe-u0B7BYnhGBsg_LI84dLjxyM9O8hQunQqiBCyQ==	t	2025-03-30 15:15:47.276275+00	3	1	\N	\N	\N	f
3	gAAAAABn6WB9XX2oH3cwLCz_ozrFkf0yqxt_KFpMSUNyOCADe-X4KIpIz3GOFLuP4f1MvAbHptIL7cKkt8iVxqvNPlqUkQ2p7w==	t	2025-03-30 15:17:17.101877+00	5	1	\N	\N	\N	f
4	gAAAAABn6WCB6-THcbRUimxO3yZEcrjznJPfVCQzwIUg48heC22XoSvgLoerdoIuw-w6H0ValLqTkZIv8UP205pVCZr6lQmmGg==	t	2025-03-30 15:17:21.307054+00	6	1	\N	\N	\N	f
5	gAAAAABn6WCJDki3T2mjlFXpxooYLTNMPN9v3VIF8U_Jmu0gnGZ1__C3XgRi8JzsNhxMDMOExJ1IrwiFLONX5mMpAO1ncASOVw==	t	2025-03-30 15:17:29.272366+00	2	1	\N	\N	\N	f
6	gAAAAABn6WEYV7XlQSYHNgRn2cEfMW6BUf1gdcBHb4q2NuXGTbiMk0h3bbUNMwxWDqA3j_libJdhx0oSBn4PyUXllrzvSOMBiQ==	t	2025-03-30 15:19:52.285523+00	1	5	\N	\N	\N	f
7	gAAAAABn6WEfMxaV-4MVPUrWFQ1WSoKi1ChyespXAiJ6-KGBpN7z-81uuQ_rch6ouFCKSGwVXhCo0feppYZ1BxFrfd82EVVrDg==	t	2025-03-30 15:19:59.337274+00	1	5	\N	\N	\N	f
8	gAAAAABn8Sga0G6WYodd-9ykQAnbMxWzVIsSbR2EIX9cuocY67TX2ep57uUru0zpwrlw6FZMoym7Waabq6iICKF9jwF_exS8xZ0B6JFdDdeAeYmROGoFswI=	t	2025-04-05 12:54:50.680052+00	8	7	\N	\N	\N	f
9	gAAAAABn8SnUaxconQ8KSC05D1Tptr2KS4dPmA7IObRG6a7eG94GsKudkWgKtzIvqyuen1n7job6flwU2ZRao_ANV3XN1Ae2bg==	t	2025-04-05 13:02:12.400686+00	7	8	\N	\N	\N	f
10	gAAAAABn8SvOnWpNeYtAlpk7Ue5AO_bUFZMAYv6jc_sd7VHCb50Dh2C02IQO-Q7GrQpAROSgqXfdDO_A0nCUYF2y1jQbOdJD8iYpUQkvs_n4gPbwFtRrvU0=	t	2025-04-05 13:10:38.590452+00	2	8	\N	\N	\N	f
11	gAAAAABn8S1e0lsKLoeNzkDNsjsRgAjXAzqZ6f0KLyglNLF3YalgTobnmzQXUI9GJTOOuLAOBhpvUd1vLwgZeQJsa11bXZan7A==	t	2025-04-05 13:17:18.620142+00	2	8	\N	\N	\N	f
12	gAAAAABn8S4T0WUZcnlJhdXhWtuSFS0mlDlI8dH1_rLkYhZmKbngcQNMc3dbUknsJge6DtanJSq-GmQ9bCEkOEMgNrUtEcOnfA==	t	2025-04-05 13:20:19.811261+00	7	8	\N	\N	\N	f
13	gAAAAABn8S7xPMzjoze18q3t3I51SwZFqeMJRByPuANMce7anXOW-oeHWDDl_XOGaY95QPjuiXC-FDb30RtBOYZ8xpvJFlQLxA==	t	2025-04-05 13:24:01.220782+00	8	7	\N	\N	\N	f
14	gAAAAABn8TXRFPp2nn2u5tJJNMUq_JuoxtSJl5mVmb5Lc9HTN7a9l6Mi1uY-9k7LI_8vd9vudEJ2SGOh2iI4G-YQ-CZVK8nA9w==	t	2025-04-05 13:53:21.747084+00	7	8		\N	\N	f
15	gAAAAABn8TX498o7Xj1jgWZqIpp6qgoVDn1vnWoEOjN7MzdDwBbx89Ror7AsnzpAuOmX7gf7On7C7sskU8FFvHumdYYXrMEUAg==	t	2025-04-05 13:54:00.09005+00	7	8		\N	\N	f
16	gAAAAABn8TYooUI8W7oVTmXaNR0o1MoXY-nnPn1qpwt997MK3luSdeSNavodIGNDvXpO2TUP9gSzUMh8wc2CF-w4nIh3aIRSjA==	t	2025-04-05 13:54:48.515899+00	7	8		\N	\N	f
17	gAAAAABn8TcZAJj4gCwyVpgQXsfr9XnwBTOTFc2Ng98cVp6rw-Zup2AXZc_J86mtjxurNYemT4D8VQOYaJ24rDu3SScVxrgtnA==	t	2025-04-05 13:58:49.353526+00	7	8		\N	\N	f
18	gAAAAABn8TcgaZXELNzmbq317CGJ_cMD1RW3BGaWuiSn6gDi6tKBAJiY_xKEw_NY4HPPZI9Whh901zGMXg6zGJ67hyMB0xU4hg==	t	2025-04-05 13:58:56.136843+00	7	8		\N	\N	f
19	gAAAAABn8TgCYvDsFOSgPC6tQ3vlmZ6-R1egq8EcgWhoQW5BLd9c8oSIkaAnHdxJAVjvkn7sEJiaBzbiTh4p1PlWP37TNXN8kQ==	t	2025-04-05 14:02:42.260678+00	7	8	private_media/8_FCS_Course_Proj_Req.pdf	\N	\N	f
20	gAAAAABn8TiZPCvn69W425a3rUdIsaVNg_btTzwRs7QQ9mA-G0XoXoYstC0-ZZwageoqO4W0ZE_dA7sluinleQOrH9EGrvg6kQ==	t	2025-04-05 14:05:13.026383+00	7	8	private_media/8_FCS_Course_Proj_Req_1qVrqDx.pdf	\N	\N	f
21	\N	f	2025-04-05 14:15:02.916546+00	8	7	private_media/7_Security-TRAC-Mobile-568x568px.jpg	\N	\N	f
22	\N	f	2025-04-05 14:17:23.977384+00	8	7	private_media/7_2070044-hd_1920_1080_25fps.mp4	\N	\N	f
23	\N	f	2025-04-05 14:19:10.2435+00	7	8	private_media/8_Security-TRAC-Mobile-568x568px.jpg	\N	\N	f
24	gAAAAABn8Tv56LEBDlDUTNov2oYm8x7geRxJGYS2jJat_RzuSGPmuY0pLMeUFq7miYHTrHSQiMekEhMx_PHIVDT4U0QT31HCBw==	t	2025-04-05 14:19:37.088662+00	7	8		\N	\N	f
25	\N	f	2025-04-05 14:19:41.759207+00	7	8	private_media/8_Security-TRAC-Mobile-568x568px_6WUN0IK.jpg	\N	\N	f
26	gAAAAABn8VuQn0SG5zxpz06q9-Ir9bxaJhpN7EcIzgJ--5DDW32zVBCJIz0fhOO2tpH_6ByKfge9QX_GgHU3sLg6Us-X_wg_lw==	t	2025-04-05 16:34:24.501945+00	7	8		2025-04-05 16:34:34.501671+00	10	t
27	gAAAAABn8Vyc2ra5xIFEePzR-u7En660-Eciv3jy8wBlLpcYpzM5wcwUz-qXawD-pQs3LkiT_t3l5-zxdVv_gbdUNf80Vl6shw==	t	2025-04-05 16:38:52.674934+00	7	8		2025-04-05 16:39:02.674724+00	10	t
28	gAAAAABn8VzBnn41d7MNotdvqipz5Efa5U3UKhk_W5AB5IIOys6baEmJ_CBqJE9FqO6DxJ8BHTpmBu0L3JyScatj2jWjvksETw==	t	2025-04-05 16:39:29.239252+00	7	8		2025-04-05 16:40:29.239036+00	60	t
29	gAAAAABn8VzHcrKXsvGqAqRN1liWdyAXbUX1ARPvpSb9Dh9Cxqw_NPuQyOAe5liTzldNtT5x_AaRfupdzygw98THrEd8HUULGw==	t	2025-04-05 16:39:35.290308+00	7	8		2025-04-05 16:39:45.290106+00	10	t
30	gAAAAABn8V3HiwhxOr2OtZ2zsbcRP1J9pRCxsO417JxbBs0JFmBYCnWajutKslEEyTeHh2BEtypRoG0AvyUhQ2bQJ1WSOQWlYg==	t	2025-04-05 16:43:51.493473+00	7	8		2025-04-05 16:44:51.493231+00	60	t
31	gAAAAABn8V5baG4UGASXC8X2_DvTtwCr_yMNCjfJuWcB4fyzpUQYrWY17EW6zmnnsNTuQ7DiGVFRkCNzHWTADT78em1yfGMbiA==	t	2025-04-05 16:46:19.826224+00	7	8		2025-04-05 16:47:19.82602+00	60	t
32	gAAAAABn8V5jjPX_cLi2Q0hJgurTGKCygADb_VNJiGGnhZbbppDCohxWeZ9k1TGjLTfwWjtdy5f4tmeUIKDp-R1R3xns7TBTXQ==	t	2025-04-05 16:46:27.043542+00	7	8		2025-04-05 16:47:27.04334+00	60	t
33	gAAAAABn8V8SeZ7uNc9o0xXAZNORMIjvHzKu5J6BQI4Pm81n5hmUEAm-bCLqSvzcBHs7wP1cjRDPdoywav1iK2qKm_NLl9dXJg==	t	2025-04-05 16:49:22.058218+00	8	7		2025-04-05 16:50:22.058005+00	60	t
34	gAAAAABn8V_bFfa1hYeARV7Ht6qV7u-luHAKlN9gPiqxyVqj_dfCFt-S_j4QLod5nPhGMvodXixjgHpd8McBD8GNclmqJgusUQ==	t	2025-04-05 16:52:43.773224+00	8	7		2025-04-05 16:52:53.773017+00	10	t
35	gAAAAABn8WD2O_w45n5vrzmYUkJyMP3VqfFVBIL68n555huNN_VNEg5Y4ulB6GLjpldEmqF-qnPgzTgHdcOQSgbEb67A0OZ5YA==	t	2025-04-05 16:57:26.974967+00	8	7		2025-04-05 16:58:26.97475+00	60	t
36	gAAAAABn8WIlkTo9UB6TH5dQhTQNri0kKIGvQnT4F2tuHEV9cV8QgTa2a7e32OIG0TuH3hLA32PgyzqSXpGnQqcHcSd-jSlmRg==	t	2025-04-05 17:02:29.486877+00	7	8		2025-04-05 17:03:29.486663+00	60	t
37	gAAAAABn8WLiI4ENoPg6zK1WPZIoNsxDUNe-elc7isPNjAtawNBXvT5mhXMypkB0jJ5Yh3KH1kPWckcG_SDLS2j9rk3_Vhehog==	t	2025-04-05 17:05:38.225151+00	7	8		2025-04-05 17:06:38.224943+00	60	t
38	gAAAAABn8WNeHGwt_wgCQwsFewS_DLdGSRD_tHsYX7tNUOzhjzfeQpNwrFDKbxygBbpPQJAOMd3JwFtagv5k2zDOaQVxOP8AaA==	t	2025-04-05 17:07:42.522117+00	7	8		2025-04-05 17:08:42.521905+00	60	t
39	gAAAAABn8WP2eqxCswJVWfcl74fBPP8GgK8ig54zIQMqIm5xEg25HCZ2cc8Z8-5bgTgkdmFKs0o9tBRKuiiUSte0-IvTJfp-jQ==	t	2025-04-05 17:10:14.271929+00	2	8		2025-04-05 17:11:14.271716+00	60	t
40	gAAAAABn8WTb1QGO5xH9aCv9Ny5Vy2KI2u0Dw_D3NmGln6GFVwzJXR0ek6izOtgyxZGLNNAlrs_XGviFhc332lTcYP_bW3BPRw==	t	2025-04-05 17:14:03.682177+00	8	7		2025-04-05 17:15:03.681971+00	60	t
41	gAAAAABn8WVG485TycM_51QNosXREWWRv4w3gTIWZU-5eqGb3ScF8KqEqzbzxW95rCCNceYOjYAouLbMiKUVdKAUjVoUj4MRrw==	t	2025-04-05 17:15:50.911024+00	7	9		2025-04-05 17:16:50.910822+00	60	t
42	gAAAAABn8WY_9yaP8wzoU8JG00l3COxTHQOdiBD4hFuTHIVb50naXrWBeoyItLjmWCfgADKSjTw9NGcwRRIrvw-1GkRoZn4wpg==	t	2025-04-05 17:19:59.39441+00	8	7		2025-04-05 17:20:59.394186+00	60	t
43	gAAAAABn8WgoOlItw-PNf0AERZlugz4WibsBm-MRdR_iRo15zjShSLhn0wcmLy5Mt-lJex6JEi0JCOwZrE0mSvQqyScU1d-_Vg==	t	2025-04-05 17:28:08.779989+00	7	8		2025-04-05 17:29:08.779771+00	60	t
44	gAAAAABn8WjBNN4W5lJI1RkdjGVm1Ks81B376bsNFlIfRnU8LQ7J754nULQ8QAp979238uy0fHGdFqifNuTT-hKnhEIFoeWQ8g==	t	2025-04-05 17:30:41.313721+00	7	8		\N	\N	f
45	gAAAAABn8WjF563Atso0enKtgKNKWHclvxHLfW_uXqM7YJA1i-ceSDzWPU8RzMQEtpvTrMK8xuZud6TOdL2F2l0vPfU3TwdrEg==	t	2025-04-05 17:30:45.86291+00	7	8		2025-04-05 17:30:55.862707+00	10	t
46	gAAAAABn8Wubs4Td3a_aRxlX3d6gX8TXWmf1qPLSekjVzeLv0XQ3XWi5F28BsQB2Hv0ZXCCCg9orNrO6cg30TLwobILu3fV8BQ==	t	2025-04-05 17:42:51.389878+00	7	8		2025-04-05 17:43:51.389669+00	60	t
47	gAAAAABn8bmQqCNzBUDL4gircuM24ruxA7FvK1H_VvH6WM7846YyIp3rzERxLmaf9PNrmmFpdw979rDw84YlOOrTZqw0ZrZEnQ==	t	2025-04-05 23:15:28.178496+00	1	10		\N	\N	f
48	gAAAAABn8byG7KG2j6-gLAraPg64jsU1dhqZJ9xo14l8vozncrNIDmbUEju8vb4Ep7_JSxV00hh6Rg3QcQPOSo66fRJfG1Z75Q==	t	2025-04-05 23:28:06.529961+00	10	1		\N	\N	f
49	gAAAAABn8ulKqZk09CiNWTIT6frwiv43Nn7xMhFjlgFCW_T8ApyuCApZ9JRUbA4g49nc16iqr7vRKziDOx9n7tE9shsaeKGipg==	t	2025-04-06 20:51:22.311585+00	10	10		\N	\N	f
50	gAAAAABn8umG-o4AzLKhpYQRbLTfh49G_t69KgF76Tlk2VLglsPxlUKEC2Jewd8-3ZrC6_9DJnplEI6QpwgfzXbBHHjCN9H2tg==	t	2025-04-06 20:52:22.670116+00	2	10		\N	\N	f
51	gAAAAABn84awvo_lnuuAQJiLsW47uxQyhE9N8CCgnHrrld-9dgAIB0YWT0v1LH3PYTo2-gkA6rQlY0jI3bcl4ugUVJkXAE1vMg==	t	2025-04-07 08:02:56.366915+00	2	1		\N	\N	f
52	gAAAAABn9NLkoPj99z_ytklfuL51CMhuLrAdHnwBaGpQwDNLLoCtPAxefM80mdyOno9SDOUbLSbegoO-c1VO2oRVu09E1QWRiw==	t	2025-04-08 07:40:20.108175+00	17	16		\N	\N	f
53	gAAAAABn9NLq30kVl7KFq8VuMdXtW6UBdGExb779Tslrk42sZxsXUbAKJ7MeWVzKZ66hnRjuS8FF1QOpu0X9pMIZGn6cGsrxlA==	t	2025-04-08 07:40:26.433866+00	17	16		\N	\N	f
54	gAAAAABn9VAbB5rH-gPqfAjpbN4JLI5VODy-FXsfiypOxWCPtIYXFKXhyjqqW0ohCyisqUdrV9RADfb9UpYxi8F_LtJWot7Vnw==	t	2025-04-08 16:34:35.111103+00	1	7		\N	\N	f
55	gAAAAABn9VAo3OtO24BS16hjlpBmCpLQAT8Y-ySwMebR6zHxPVoqnngFvRJ3DWED6wmFGKPHkJGzS0fQGGVy-PGQP7-5YRWr6Q==	t	2025-04-08 16:34:48.116679+00	1	7		\N	\N	f
56	gAAAAABn9VNzxgQKEJoo0lKfZzJuJRKxwwaFn99-HiHQkC94Q0sAk0gXps9zaYFbSLj4m7dRZ01sXzclcU62LwLoMRQR5CHolA==	t	2025-04-08 16:48:51.830337+00	1	7		\N	\N	f
57	gAAAAABn9ViGyTAjeizERlis41f5R1UwepkMKy0-Qe4ohn7lii4Pn3MHshfyPzFxNcHKRaGua9T0iBRPhPXj9BdkMDlcTkmMIw==	t	2025-04-08 17:10:30.976+00	1	7		\N	\N	f
58	gAAAAABn9Vny5EibQ6Je2-3k2TvclVXhb0kpFfEcH9ntKtaLnYzWsrUunS5fe1nhMPBl1YQj7fRHqHB9BJIjA7VSH8iGIJ8FQA==	t	2025-04-08 17:16:34.371525+00	7	1		\N	\N	f
59	gAAAAABn9Vn18WaR_uXwar1bAmWiGOstldAU7qesMLZeTtToyCWW0n_qxQD2sLyLdwdQ59SWY-wJan9d1Uh4ejqSy54Vsn37Aw==	t	2025-04-08 17:16:37.179545+00	7	1		\N	\N	f
60	gAAAAABn9VuutViL1ibqdnAD8M3cSfR5Zlnk86c4kmgnfHpmIqsuDmK6SHQ5DgJE3d54cMl-WoRQtDNDtJfUH78bsegUqxgr1A==	t	2025-04-08 17:23:58.5825+00	5	7		\N	\N	f
61	gAAAAABn9VvLx7ARapv0Huuoh-9dZC4aX5FyfaI0OFVvUF_fw6bTCJOqdAZJKkDq-d9AMbZyGo6NBHT1ifNdC3PH8FzmHXhcjw==	t	2025-04-08 17:24:27.687923+00	5	7		\N	\N	f
62	\N	f	2025-04-08 17:30:41.928006+00	7	8	message_media/Security-TRAC-Mobile-568x568px.jpg	\N	\N	f
63	\N	f	2025-04-08 17:32:20.555096+00	2	8	message_media/Security-TRAC-Mobile-568x568px_g6Pqv1H.jpg	\N	\N	f
64	\N	f	2025-04-08 17:33:05.213245+00	7	8	message_media/FCS_Course_Proj_Req.pdf	\N	\N	f
65	gAAAAABn9V5_jfSW_mxeH_xo0L8M91vhiBXBOSi08VWjP_lU17Tigfn6KFWFunV3ecSl9-14f0TsZUTNudrs9eQxioof8BrnBw==	t	2025-04-08 17:35:59.721502+00	8	7		2025-04-08 17:36:09.721237+00	10	t
67	gAAAAABn9V6YlZiItO3GYILDlux0xhPC8-mBAqGhFEn3QsCoZwvYPbQhOP_0GwZI2PDJ_ubHe5_JMrwjMsb0qeaHwg43k7bz_w==	t	2025-04-08 17:36:25.528932+00	8	7		\N	\N	f
66	gAAAAABn9V6YvLsQ6B5A0X_b0I9uIJvCnJKtLNnkmyEd1gr2_0WL5Df7Mm742z5w72bPdnUxWLLWpUCMkwCJG80Kcd32AsbF0Q==	t	2025-04-08 17:36:25.357203+00	8	7		\N	\N	f
\.


--
-- Data for Name: user_auth_otpverification; Type: TABLE DATA; Schema: public; Owner: gr10
--

COPY public.user_auth_otpverification (id, otp_secret_key, valid_until, user_id) FROM stdin;
11	EZWKRPEQ7LLITO7L37XRSBPAIICPTQ2Z	2025-04-06 01:10:34.654774+00	10
25	IEM3V6OEJXRV7EXIJBHFPEPNBIVJFNOB	2025-04-08 07:49:35.973016+00	16
\.


--
-- Data for Name: user_auth_relationship; Type: TABLE DATA; Schema: public; Owner: gr10
--

COPY public.user_auth_relationship (id, status, created_at, from_user_id, to_user_id) FROM stdin;
28	friends	2025-04-08 16:18:34.350493+00	1	5
29	friends	2025-04-08 16:18:34.352674+00	5	1
30	friends	2025-04-08 16:34:21.917228+00	5	7
31	friends	2025-04-08 16:34:21.975592+00	7	5
34	blocked	2025-04-08 17:10:25.36781+00	7	1
36	blocked	2025-04-08 17:31:55.305027+00	8	2
\.


--
-- Data for Name: user_auth_report; Type: TABLE DATA; Schema: public; Owner: gr10
--

COPY public.user_auth_report (id, reason, "timestamp", reported_by_id, reported_user_id) FROM stdin;
1	dont know him/her	2025-04-08 17:08:56.191794+00	7	1
\.


--
-- Data for Name: user_auth_transaction; Type: TABLE DATA; Schema: public; Owner: gr10
--

COPY public.user_auth_transaction (id, amount, "timestamp", receiver_id, sender_id) FROM stdin;
1	100.00	2025-03-30 13:47:55.290429+00	3	1
2	1000.00	2025-03-30 14:52:31.657277+00	3	1
3	1000.00	2025-03-30 15:34:53.344129+00	3	1
4	1000.00	2025-04-06 00:03:14.181796+00	3	1
5	1000.00	2025-04-06 00:44:12.851481+00	3	1
6	1000.00	2025-04-06 00:49:36.513237+00	3	1
7	1000.00	2025-04-06 00:50:59.915242+00	3	1
8	1000.00	2025-04-06 00:56:15.120689+00	3	1
9	1000.00	2025-04-06 01:05:36.102759+00	3	1
10	1000.00	2025-04-06 01:05:40.632878+00	3	1
11	1000.00	2025-04-06 01:06:31.871529+00	3	10
12	1000.00	2025-04-06 01:08:24.837857+00	3	10
13	1000.00	2025-04-06 01:09:09.098345+00	3	10
14	1000.00	2025-04-06 01:09:34.502961+00	3	10
15	300.00	2025-04-06 07:29:08.075632+00	3	1
16	200.00	2025-04-06 07:30:36.763119+00	3	1
17	250.00	2025-04-06 19:54:50.187064+00	3	1
18	250.00	2025-04-07 05:50:58.332519+00	3	1
19	250.00	2025-04-07 05:56:58.030964+00	3	1
20	250.00	2025-04-07 06:08:34.622787+00	3	1
21	250.00	2025-04-07 06:10:34.02476+00	3	1
22	250.00	2025-04-07 06:11:56.209492+00	3	1
23	250.00	2025-04-07 06:14:03.142305+00	3	1
24	500.00	2025-04-07 06:14:35.295617+00	3	1
25	250.00	2025-04-07 06:15:01.19955+00	3	1
26	300.00	2025-04-07 06:16:04.15561+00	3	1
27	300.00	2025-04-07 06:16:30.480705+00	3	1
28	300.00	2025-04-07 06:18:13.845608+00	3	1
29	300.00	2025-04-07 06:20:04.336955+00	3	1
30	200.00	2025-04-07 06:20:45.108357+00	3	1
31	250.00	2025-04-07 06:44:30.390464+00	3	1
32	250.00	2025-04-07 06:45:15.038876+00	3	1
33	250.00	2025-04-07 06:48:33.069783+00	3	1
34	250.00	2025-04-07 06:49:13.960057+00	3	1
35	500.00	2025-04-07 06:51:15.068781+00	3	1
36	250.00	2025-04-07 06:52:33.578312+00	3	1
37	500.00	2025-04-07 08:05:52.919369+00	3	1
38	500.00	2025-04-07 08:07:24.405352+00	3	1
39	500.00	2025-04-07 08:07:48.698633+00	3	1
40	250.00	2025-04-07 08:08:28.954993+00	3	1
41	500.00	2025-04-07 08:09:02.192202+00	3	1
42	500.00	2025-04-07 08:09:17.173674+00	3	1
43	250.00	2025-04-07 08:09:43.415651+00	3	1
44	250.00	2025-04-08 07:48:32.731682+00	3	16
45	250.00	2025-04-08 07:48:35.898766+00	3	16
\.


--
-- Data for Name: user_auth_userprofile; Type: TABLE DATA; Schema: public; Owner: gr10
--

COPY public.user_auth_userprofile (id, followers_count, following_count, user_id) FROM stdin;
\.


--
-- Name: admin_panel_adminuser_groups_id_seq; Type: SEQUENCE SET; Schema: public; Owner: gr10
--

SELECT pg_catalog.setval('public.admin_panel_adminuser_groups_id_seq', 1, false);


--
-- Name: admin_panel_adminuser_id_seq; Type: SEQUENCE SET; Schema: public; Owner: gr10
--

SELECT pg_catalog.setval('public.admin_panel_adminuser_id_seq', 1, false);


--
-- Name: admin_panel_adminuser_user_permissions_id_seq; Type: SEQUENCE SET; Schema: public; Owner: gr10
--

SELECT pg_catalog.setval('public.admin_panel_adminuser_user_permissions_id_seq', 1, false);


--
-- Name: auth_group_id_seq; Type: SEQUENCE SET; Schema: public; Owner: gr10
--

SELECT pg_catalog.setval('public.auth_group_id_seq', 1, false);


--
-- Name: auth_group_permissions_id_seq; Type: SEQUENCE SET; Schema: public; Owner: gr10
--

SELECT pg_catalog.setval('public.auth_group_permissions_id_seq', 1, false);


--
-- Name: auth_permission_id_seq; Type: SEQUENCE SET; Schema: public; Owner: gr10
--

SELECT pg_catalog.setval('public.auth_permission_id_seq', 84, true);


--
-- Name: django_admin_log_id_seq; Type: SEQUENCE SET; Schema: public; Owner: gr10
--

SELECT pg_catalog.setval('public.django_admin_log_id_seq', 1, false);


--
-- Name: django_content_type_id_seq; Type: SEQUENCE SET; Schema: public; Owner: gr10
--

SELECT pg_catalog.setval('public.django_content_type_id_seq', 21, true);


--
-- Name: django_migrations_id_seq; Type: SEQUENCE SET; Schema: public; Owner: gr10
--

SELECT pg_catalog.setval('public.django_migrations_id_seq', 56, true);


--
-- Name: marketplace_artifact_id_seq; Type: SEQUENCE SET; Schema: public; Owner: gr10
--

SELECT pg_catalog.setval('public.marketplace_artifact_id_seq', 10, true);


--
-- Name: marketplace_category_id_seq; Type: SEQUENCE SET; Schema: public; Owner: gr10
--

SELECT pg_catalog.setval('public.marketplace_category_id_seq', 1, false);


--
-- Name: marketplace_order_id_seq; Type: SEQUENCE SET; Schema: public; Owner: gr10
--

SELECT pg_catalog.setval('public.marketplace_order_id_seq', 1, false);


--
-- Name: marketplace_product_id_seq; Type: SEQUENCE SET; Schema: public; Owner: gr10
--

SELECT pg_catalog.setval('public.marketplace_product_id_seq', 10, true);


--
-- Name: user_auth_block_id_seq; Type: SEQUENCE SET; Schema: public; Owner: gr10
--

SELECT pg_catalog.setval('public.user_auth_block_id_seq', 1, false);


--
-- Name: user_auth_customuser_groups_id_seq; Type: SEQUENCE SET; Schema: public; Owner: gr10
--

SELECT pg_catalog.setval('public.user_auth_customuser_groups_id_seq', 1, false);


--
-- Name: user_auth_customuser_id_seq; Type: SEQUENCE SET; Schema: public; Owner: gr10
--

SELECT pg_catalog.setval('public.user_auth_customuser_id_seq', 19, true);


--
-- Name: user_auth_customuser_user_permissions_id_seq; Type: SEQUENCE SET; Schema: public; Owner: gr10
--

SELECT pg_catalog.setval('public.user_auth_customuser_user_permissions_id_seq', 1, false);


--
-- Name: user_auth_friendrequest_id_seq; Type: SEQUENCE SET; Schema: public; Owner: gr10
--

SELECT pg_catalog.setval('public.user_auth_friendrequest_id_seq', 66, true);


--
-- Name: user_auth_groupchat_id_seq; Type: SEQUENCE SET; Schema: public; Owner: gr10
--

SELECT pg_catalog.setval('public.user_auth_groupchat_id_seq', 10, true);


--
-- Name: user_auth_groupchat_members_id_seq; Type: SEQUENCE SET; Schema: public; Owner: gr10
--

SELECT pg_catalog.setval('public.user_auth_groupchat_members_id_seq', 12, true);


--
-- Name: user_auth_groupmessage_id_seq; Type: SEQUENCE SET; Schema: public; Owner: gr10
--

SELECT pg_catalog.setval('public.user_auth_groupmessage_id_seq', 18, true);


--
-- Name: user_auth_message_id_seq; Type: SEQUENCE SET; Schema: public; Owner: gr10
--

SELECT pg_catalog.setval('public.user_auth_message_id_seq', 67, true);


--
-- Name: user_auth_otpverification_id_seq; Type: SEQUENCE SET; Schema: public; Owner: gr10
--

SELECT pg_catalog.setval('public.user_auth_otpverification_id_seq', 25, true);


--
-- Name: user_auth_relationship_id_seq; Type: SEQUENCE SET; Schema: public; Owner: gr10
--

SELECT pg_catalog.setval('public.user_auth_relationship_id_seq', 36, true);


--
-- Name: user_auth_report_id_seq; Type: SEQUENCE SET; Schema: public; Owner: gr10
--

SELECT pg_catalog.setval('public.user_auth_report_id_seq', 1, true);


--
-- Name: user_auth_transaction_id_seq; Type: SEQUENCE SET; Schema: public; Owner: gr10
--

SELECT pg_catalog.setval('public.user_auth_transaction_id_seq', 45, true);


--
-- Name: user_auth_userprofile_id_seq; Type: SEQUENCE SET; Schema: public; Owner: gr10
--

SELECT pg_catalog.setval('public.user_auth_userprofile_id_seq', 1, false);


--
-- Name: admin_panel_adminuser_groups admin_panel_adminuser_gr_adminuser_id_group_id_b0f97f1c_uniq; Type: CONSTRAINT; Schema: public; Owner: gr10
--

ALTER TABLE ONLY public.admin_panel_adminuser_groups
    ADD CONSTRAINT admin_panel_adminuser_gr_adminuser_id_group_id_b0f97f1c_uniq UNIQUE (adminuser_id, group_id);


--
-- Name: admin_panel_adminuser_groups admin_panel_adminuser_groups_pkey; Type: CONSTRAINT; Schema: public; Owner: gr10
--

ALTER TABLE ONLY public.admin_panel_adminuser_groups
    ADD CONSTRAINT admin_panel_adminuser_groups_pkey PRIMARY KEY (id);


--
-- Name: admin_panel_adminuser admin_panel_adminuser_pkey; Type: CONSTRAINT; Schema: public; Owner: gr10
--

ALTER TABLE ONLY public.admin_panel_adminuser
    ADD CONSTRAINT admin_panel_adminuser_pkey PRIMARY KEY (id);


--
-- Name: admin_panel_adminuser_user_permissions admin_panel_adminuser_us_adminuser_id_permission__13f78a19_uniq; Type: CONSTRAINT; Schema: public; Owner: gr10
--

ALTER TABLE ONLY public.admin_panel_adminuser_user_permissions
    ADD CONSTRAINT admin_panel_adminuser_us_adminuser_id_permission__13f78a19_uniq UNIQUE (adminuser_id, permission_id);


--
-- Name: admin_panel_adminuser_user_permissions admin_panel_adminuser_user_permissions_pkey; Type: CONSTRAINT; Schema: public; Owner: gr10
--

ALTER TABLE ONLY public.admin_panel_adminuser_user_permissions
    ADD CONSTRAINT admin_panel_adminuser_user_permissions_pkey PRIMARY KEY (id);


--
-- Name: admin_panel_adminuser admin_panel_adminuser_username_key; Type: CONSTRAINT; Schema: public; Owner: gr10
--

ALTER TABLE ONLY public.admin_panel_adminuser
    ADD CONSTRAINT admin_panel_adminuser_username_key UNIQUE (username);


--
-- Name: auth_group auth_group_name_key; Type: CONSTRAINT; Schema: public; Owner: gr10
--

ALTER TABLE ONLY public.auth_group
    ADD CONSTRAINT auth_group_name_key UNIQUE (name);


--
-- Name: auth_group_permissions auth_group_permissions_group_id_permission_id_0cd325b0_uniq; Type: CONSTRAINT; Schema: public; Owner: gr10
--

ALTER TABLE ONLY public.auth_group_permissions
    ADD CONSTRAINT auth_group_permissions_group_id_permission_id_0cd325b0_uniq UNIQUE (group_id, permission_id);


--
-- Name: auth_group_permissions auth_group_permissions_pkey; Type: CONSTRAINT; Schema: public; Owner: gr10
--

ALTER TABLE ONLY public.auth_group_permissions
    ADD CONSTRAINT auth_group_permissions_pkey PRIMARY KEY (id);


--
-- Name: auth_group auth_group_pkey; Type: CONSTRAINT; Schema: public; Owner: gr10
--

ALTER TABLE ONLY public.auth_group
    ADD CONSTRAINT auth_group_pkey PRIMARY KEY (id);


--
-- Name: auth_permission auth_permission_content_type_id_codename_01ab375a_uniq; Type: CONSTRAINT; Schema: public; Owner: gr10
--

ALTER TABLE ONLY public.auth_permission
    ADD CONSTRAINT auth_permission_content_type_id_codename_01ab375a_uniq UNIQUE (content_type_id, codename);


--
-- Name: auth_permission auth_permission_pkey; Type: CONSTRAINT; Schema: public; Owner: gr10
--

ALTER TABLE ONLY public.auth_permission
    ADD CONSTRAINT auth_permission_pkey PRIMARY KEY (id);


--
-- Name: django_admin_log django_admin_log_pkey; Type: CONSTRAINT; Schema: public; Owner: gr10
--

ALTER TABLE ONLY public.django_admin_log
    ADD CONSTRAINT django_admin_log_pkey PRIMARY KEY (id);


--
-- Name: django_content_type django_content_type_app_label_model_76bd3d3b_uniq; Type: CONSTRAINT; Schema: public; Owner: gr10
--

ALTER TABLE ONLY public.django_content_type
    ADD CONSTRAINT django_content_type_app_label_model_76bd3d3b_uniq UNIQUE (app_label, model);


--
-- Name: django_content_type django_content_type_pkey; Type: CONSTRAINT; Schema: public; Owner: gr10
--

ALTER TABLE ONLY public.django_content_type
    ADD CONSTRAINT django_content_type_pkey PRIMARY KEY (id);


--
-- Name: django_migrations django_migrations_pkey; Type: CONSTRAINT; Schema: public; Owner: gr10
--

ALTER TABLE ONLY public.django_migrations
    ADD CONSTRAINT django_migrations_pkey PRIMARY KEY (id);


--
-- Name: django_session django_session_pkey; Type: CONSTRAINT; Schema: public; Owner: gr10
--

ALTER TABLE ONLY public.django_session
    ADD CONSTRAINT django_session_pkey PRIMARY KEY (session_key);


--
-- Name: marketplace_artifact marketplace_artifact_pkey; Type: CONSTRAINT; Schema: public; Owner: gr10
--

ALTER TABLE ONLY public.marketplace_artifact
    ADD CONSTRAINT marketplace_artifact_pkey PRIMARY KEY (id);


--
-- Name: marketplace_category marketplace_category_pkey; Type: CONSTRAINT; Schema: public; Owner: gr10
--

ALTER TABLE ONLY public.marketplace_category
    ADD CONSTRAINT marketplace_category_pkey PRIMARY KEY (id);


--
-- Name: marketplace_order marketplace_order_pkey; Type: CONSTRAINT; Schema: public; Owner: gr10
--

ALTER TABLE ONLY public.marketplace_order
    ADD CONSTRAINT marketplace_order_pkey PRIMARY KEY (id);


--
-- Name: marketplace_product marketplace_product_pkey; Type: CONSTRAINT; Schema: public; Owner: gr10
--

ALTER TABLE ONLY public.marketplace_product
    ADD CONSTRAINT marketplace_product_pkey PRIMARY KEY (id);


--
-- Name: user_auth_block user_auth_block_blocker_id_blocked_id_0d6002a1_uniq; Type: CONSTRAINT; Schema: public; Owner: gr10
--

ALTER TABLE ONLY public.user_auth_block
    ADD CONSTRAINT user_auth_block_blocker_id_blocked_id_0d6002a1_uniq UNIQUE (blocker_id, blocked_id);


--
-- Name: user_auth_block user_auth_block_pkey; Type: CONSTRAINT; Schema: public; Owner: gr10
--

ALTER TABLE ONLY public.user_auth_block
    ADD CONSTRAINT user_auth_block_pkey PRIMARY KEY (id);


--
-- Name: user_auth_customuser user_auth_customuser_email_key; Type: CONSTRAINT; Schema: public; Owner: gr10
--

ALTER TABLE ONLY public.user_auth_customuser
    ADD CONSTRAINT user_auth_customuser_email_key UNIQUE (email);


--
-- Name: user_auth_customuser_groups user_auth_customuser_gro_customuser_id_group_id_9f1f94f0_uniq; Type: CONSTRAINT; Schema: public; Owner: gr10
--

ALTER TABLE ONLY public.user_auth_customuser_groups
    ADD CONSTRAINT user_auth_customuser_gro_customuser_id_group_id_9f1f94f0_uniq UNIQUE (customuser_id, group_id);


--
-- Name: user_auth_customuser_groups user_auth_customuser_groups_pkey; Type: CONSTRAINT; Schema: public; Owner: gr10
--

ALTER TABLE ONLY public.user_auth_customuser_groups
    ADD CONSTRAINT user_auth_customuser_groups_pkey PRIMARY KEY (id);


--
-- Name: user_auth_customuser user_auth_customuser_pkey; Type: CONSTRAINT; Schema: public; Owner: gr10
--

ALTER TABLE ONLY public.user_auth_customuser
    ADD CONSTRAINT user_auth_customuser_pkey PRIMARY KEY (id);


--
-- Name: user_auth_customuser_user_permissions user_auth_customuser_use_customuser_id_permission_fde5eaa3_uniq; Type: CONSTRAINT; Schema: public; Owner: gr10
--

ALTER TABLE ONLY public.user_auth_customuser_user_permissions
    ADD CONSTRAINT user_auth_customuser_use_customuser_id_permission_fde5eaa3_uniq UNIQUE (customuser_id, permission_id);


--
-- Name: user_auth_customuser_user_permissions user_auth_customuser_user_permissions_pkey; Type: CONSTRAINT; Schema: public; Owner: gr10
--

ALTER TABLE ONLY public.user_auth_customuser_user_permissions
    ADD CONSTRAINT user_auth_customuser_user_permissions_pkey PRIMARY KEY (id);


--
-- Name: user_auth_customuser user_auth_customuser_username_key; Type: CONSTRAINT; Schema: public; Owner: gr10
--

ALTER TABLE ONLY public.user_auth_customuser
    ADD CONSTRAINT user_auth_customuser_username_key UNIQUE (username);


--
-- Name: user_auth_friendrequest user_auth_friendrequest_from_user_id_to_user_id_8b28a5c1_uniq; Type: CONSTRAINT; Schema: public; Owner: gr10
--

ALTER TABLE ONLY public.user_auth_friendrequest
    ADD CONSTRAINT user_auth_friendrequest_from_user_id_to_user_id_8b28a5c1_uniq UNIQUE (from_user_id, to_user_id);


--
-- Name: user_auth_friendrequest user_auth_friendrequest_pkey; Type: CONSTRAINT; Schema: public; Owner: gr10
--

ALTER TABLE ONLY public.user_auth_friendrequest
    ADD CONSTRAINT user_auth_friendrequest_pkey PRIMARY KEY (id);


--
-- Name: user_auth_groupchat_members user_auth_groupchat_memb_groupchat_id_customuser__af576998_uniq; Type: CONSTRAINT; Schema: public; Owner: gr10
--

ALTER TABLE ONLY public.user_auth_groupchat_members
    ADD CONSTRAINT user_auth_groupchat_memb_groupchat_id_customuser__af576998_uniq UNIQUE (groupchat_id, customuser_id);


--
-- Name: user_auth_groupchat_members user_auth_groupchat_members_pkey; Type: CONSTRAINT; Schema: public; Owner: gr10
--

ALTER TABLE ONLY public.user_auth_groupchat_members
    ADD CONSTRAINT user_auth_groupchat_members_pkey PRIMARY KEY (id);


--
-- Name: user_auth_groupchat user_auth_groupchat_name_key; Type: CONSTRAINT; Schema: public; Owner: gr10
--

ALTER TABLE ONLY public.user_auth_groupchat
    ADD CONSTRAINT user_auth_groupchat_name_key UNIQUE (name);


--
-- Name: user_auth_groupchat user_auth_groupchat_pkey; Type: CONSTRAINT; Schema: public; Owner: gr10
--

ALTER TABLE ONLY public.user_auth_groupchat
    ADD CONSTRAINT user_auth_groupchat_pkey PRIMARY KEY (id);


--
-- Name: user_auth_groupmessage user_auth_groupmessage_pkey; Type: CONSTRAINT; Schema: public; Owner: gr10
--

ALTER TABLE ONLY public.user_auth_groupmessage
    ADD CONSTRAINT user_auth_groupmessage_pkey PRIMARY KEY (id);


--
-- Name: user_auth_message user_auth_message_pkey; Type: CONSTRAINT; Schema: public; Owner: gr10
--

ALTER TABLE ONLY public.user_auth_message
    ADD CONSTRAINT user_auth_message_pkey PRIMARY KEY (id);


--
-- Name: user_auth_otpverification user_auth_otpverification_pkey; Type: CONSTRAINT; Schema: public; Owner: gr10
--

ALTER TABLE ONLY public.user_auth_otpverification
    ADD CONSTRAINT user_auth_otpverification_pkey PRIMARY KEY (id);


--
-- Name: user_auth_otpverification user_auth_otpverification_user_id_key; Type: CONSTRAINT; Schema: public; Owner: gr10
--

ALTER TABLE ONLY public.user_auth_otpverification
    ADD CONSTRAINT user_auth_otpverification_user_id_key UNIQUE (user_id);


--
-- Name: user_auth_relationship user_auth_relationship_from_user_id_to_user_id__5fc5a51c_uniq; Type: CONSTRAINT; Schema: public; Owner: gr10
--

ALTER TABLE ONLY public.user_auth_relationship
    ADD CONSTRAINT user_auth_relationship_from_user_id_to_user_id__5fc5a51c_uniq UNIQUE (from_user_id, to_user_id, status);


--
-- Name: user_auth_relationship user_auth_relationship_pkey; Type: CONSTRAINT; Schema: public; Owner: gr10
--

ALTER TABLE ONLY public.user_auth_relationship
    ADD CONSTRAINT user_auth_relationship_pkey PRIMARY KEY (id);


--
-- Name: user_auth_report user_auth_report_pkey; Type: CONSTRAINT; Schema: public; Owner: gr10
--

ALTER TABLE ONLY public.user_auth_report
    ADD CONSTRAINT user_auth_report_pkey PRIMARY KEY (id);


--
-- Name: user_auth_transaction user_auth_transaction_pkey; Type: CONSTRAINT; Schema: public; Owner: gr10
--

ALTER TABLE ONLY public.user_auth_transaction
    ADD CONSTRAINT user_auth_transaction_pkey PRIMARY KEY (id);


--
-- Name: user_auth_userprofile user_auth_userprofile_pkey; Type: CONSTRAINT; Schema: public; Owner: gr10
--

ALTER TABLE ONLY public.user_auth_userprofile
    ADD CONSTRAINT user_auth_userprofile_pkey PRIMARY KEY (id);


--
-- Name: user_auth_userprofile user_auth_userprofile_user_id_key; Type: CONSTRAINT; Schema: public; Owner: gr10
--

ALTER TABLE ONLY public.user_auth_userprofile
    ADD CONSTRAINT user_auth_userprofile_user_id_key UNIQUE (user_id);


--
-- Name: admin_panel_adminuser_groups_adminuser_id_3165d845; Type: INDEX; Schema: public; Owner: gr10
--

CREATE INDEX admin_panel_adminuser_groups_adminuser_id_3165d845 ON public.admin_panel_adminuser_groups USING btree (adminuser_id);


--
-- Name: admin_panel_adminuser_groups_group_id_9b0c1ad9; Type: INDEX; Schema: public; Owner: gr10
--

CREATE INDEX admin_panel_adminuser_groups_group_id_9b0c1ad9 ON public.admin_panel_adminuser_groups USING btree (group_id);


--
-- Name: admin_panel_adminuser_user_permissions_adminuser_id_d2fff1f3; Type: INDEX; Schema: public; Owner: gr10
--

CREATE INDEX admin_panel_adminuser_user_permissions_adminuser_id_d2fff1f3 ON public.admin_panel_adminuser_user_permissions USING btree (adminuser_id);


--
-- Name: admin_panel_adminuser_user_permissions_permission_id_abe94850; Type: INDEX; Schema: public; Owner: gr10
--

CREATE INDEX admin_panel_adminuser_user_permissions_permission_id_abe94850 ON public.admin_panel_adminuser_user_permissions USING btree (permission_id);


--
-- Name: admin_panel_adminuser_username_6fdd74b4_like; Type: INDEX; Schema: public; Owner: gr10
--

CREATE INDEX admin_panel_adminuser_username_6fdd74b4_like ON public.admin_panel_adminuser USING btree (username varchar_pattern_ops);


--
-- Name: auth_group_name_a6ea08ec_like; Type: INDEX; Schema: public; Owner: gr10
--

CREATE INDEX auth_group_name_a6ea08ec_like ON public.auth_group USING btree (name varchar_pattern_ops);


--
-- Name: auth_group_permissions_group_id_b120cbf9; Type: INDEX; Schema: public; Owner: gr10
--

CREATE INDEX auth_group_permissions_group_id_b120cbf9 ON public.auth_group_permissions USING btree (group_id);


--
-- Name: auth_group_permissions_permission_id_84c5c92e; Type: INDEX; Schema: public; Owner: gr10
--

CREATE INDEX auth_group_permissions_permission_id_84c5c92e ON public.auth_group_permissions USING btree (permission_id);


--
-- Name: auth_permission_content_type_id_2f476e4b; Type: INDEX; Schema: public; Owner: gr10
--

CREATE INDEX auth_permission_content_type_id_2f476e4b ON public.auth_permission USING btree (content_type_id);


--
-- Name: django_admin_log_content_type_id_c4bce8eb; Type: INDEX; Schema: public; Owner: gr10
--

CREATE INDEX django_admin_log_content_type_id_c4bce8eb ON public.django_admin_log USING btree (content_type_id);


--
-- Name: django_admin_log_user_id_c564eba6; Type: INDEX; Schema: public; Owner: gr10
--

CREATE INDEX django_admin_log_user_id_c564eba6 ON public.django_admin_log USING btree (user_id);


--
-- Name: django_session_expire_date_a5c62663; Type: INDEX; Schema: public; Owner: gr10
--

CREATE INDEX django_session_expire_date_a5c62663 ON public.django_session USING btree (expire_date);


--
-- Name: django_session_session_key_c0390e0f_like; Type: INDEX; Schema: public; Owner: gr10
--

CREATE INDEX django_session_session_key_c0390e0f_like ON public.django_session USING btree (session_key varchar_pattern_ops);


--
-- Name: marketplace_artifact_seller_id_b90dcc83; Type: INDEX; Schema: public; Owner: gr10
--

CREATE INDEX marketplace_artifact_seller_id_b90dcc83 ON public.marketplace_artifact USING btree (seller_id);


--
-- Name: marketplace_order_buyer_id_cf7822e3; Type: INDEX; Schema: public; Owner: gr10
--

CREATE INDEX marketplace_order_buyer_id_cf7822e3 ON public.marketplace_order USING btree (buyer_id);


--
-- Name: marketplace_order_product_id_aa0b6ce3; Type: INDEX; Schema: public; Owner: gr10
--

CREATE INDEX marketplace_order_product_id_aa0b6ce3 ON public.marketplace_order USING btree (product_id);


--
-- Name: marketplace_product_category_id_2f8b8b50; Type: INDEX; Schema: public; Owner: gr10
--

CREATE INDEX marketplace_product_category_id_2f8b8b50 ON public.marketplace_product USING btree (category_id);


--
-- Name: marketplace_product_seller_id_8e970131; Type: INDEX; Schema: public; Owner: gr10
--

CREATE INDEX marketplace_product_seller_id_8e970131 ON public.marketplace_product USING btree (seller_id);


--
-- Name: user_auth_block_blocked_id_b273cd9f; Type: INDEX; Schema: public; Owner: gr10
--

CREATE INDEX user_auth_block_blocked_id_b273cd9f ON public.user_auth_block USING btree (blocked_id);


--
-- Name: user_auth_block_blocker_id_01e871b6; Type: INDEX; Schema: public; Owner: gr10
--

CREATE INDEX user_auth_block_blocker_id_01e871b6 ON public.user_auth_block USING btree (blocker_id);


--
-- Name: user_auth_customuser_email_caa9f0c2_like; Type: INDEX; Schema: public; Owner: gr10
--

CREATE INDEX user_auth_customuser_email_caa9f0c2_like ON public.user_auth_customuser USING btree (email varchar_pattern_ops);


--
-- Name: user_auth_customuser_groups_customuser_id_28fc3501; Type: INDEX; Schema: public; Owner: gr10
--

CREATE INDEX user_auth_customuser_groups_customuser_id_28fc3501 ON public.user_auth_customuser_groups USING btree (customuser_id);


--
-- Name: user_auth_customuser_groups_group_id_c5ab4b5a; Type: INDEX; Schema: public; Owner: gr10
--

CREATE INDEX user_auth_customuser_groups_group_id_c5ab4b5a ON public.user_auth_customuser_groups USING btree (group_id);


--
-- Name: user_auth_customuser_user_permissions_customuser_id_1af44b47; Type: INDEX; Schema: public; Owner: gr10
--

CREATE INDEX user_auth_customuser_user_permissions_customuser_id_1af44b47 ON public.user_auth_customuser_user_permissions USING btree (customuser_id);


--
-- Name: user_auth_customuser_user_permissions_permission_id_eed84bc9; Type: INDEX; Schema: public; Owner: gr10
--

CREATE INDEX user_auth_customuser_user_permissions_permission_id_eed84bc9 ON public.user_auth_customuser_user_permissions USING btree (permission_id);


--
-- Name: user_auth_customuser_username_dcab8a67_like; Type: INDEX; Schema: public; Owner: gr10
--

CREATE INDEX user_auth_customuser_username_dcab8a67_like ON public.user_auth_customuser USING btree (username varchar_pattern_ops);


--
-- Name: user_auth_friendrequest_from_user_id_a40d2145; Type: INDEX; Schema: public; Owner: gr10
--

CREATE INDEX user_auth_friendrequest_from_user_id_a40d2145 ON public.user_auth_friendrequest USING btree (from_user_id);


--
-- Name: user_auth_friendrequest_to_user_id_4d5cc311; Type: INDEX; Schema: public; Owner: gr10
--

CREATE INDEX user_auth_friendrequest_to_user_id_4d5cc311 ON public.user_auth_friendrequest USING btree (to_user_id);


--
-- Name: user_auth_groupchat_created_at_cff04a8f; Type: INDEX; Schema: public; Owner: gr10
--

CREATE INDEX user_auth_groupchat_created_at_cff04a8f ON public.user_auth_groupchat USING btree (created_at);


--
-- Name: user_auth_groupchat_members_customuser_id_9f664e8c; Type: INDEX; Schema: public; Owner: gr10
--

CREATE INDEX user_auth_groupchat_members_customuser_id_9f664e8c ON public.user_auth_groupchat_members USING btree (customuser_id);


--
-- Name: user_auth_groupchat_members_groupchat_id_b953af62; Type: INDEX; Schema: public; Owner: gr10
--

CREATE INDEX user_auth_groupchat_members_groupchat_id_b953af62 ON public.user_auth_groupchat_members USING btree (groupchat_id);


--
-- Name: user_auth_groupchat_name_428094b7_like; Type: INDEX; Schema: public; Owner: gr10
--

CREATE INDEX user_auth_groupchat_name_428094b7_like ON public.user_auth_groupchat USING btree (name varchar_pattern_ops);


--
-- Name: user_auth_groupmessage_group_id_679bfd02; Type: INDEX; Schema: public; Owner: gr10
--

CREATE INDEX user_auth_groupmessage_group_id_679bfd02 ON public.user_auth_groupmessage USING btree (group_id);


--
-- Name: user_auth_groupmessage_sender_id_d25ce44e; Type: INDEX; Schema: public; Owner: gr10
--

CREATE INDEX user_auth_groupmessage_sender_id_d25ce44e ON public.user_auth_groupmessage USING btree (sender_id);


--
-- Name: user_auth_groupmessage_timestamp_eff97875; Type: INDEX; Schema: public; Owner: gr10
--

CREATE INDEX user_auth_groupmessage_timestamp_eff97875 ON public.user_auth_groupmessage USING btree ("timestamp");


--
-- Name: user_auth_message_receiver_id_969459ed; Type: INDEX; Schema: public; Owner: gr10
--

CREATE INDEX user_auth_message_receiver_id_969459ed ON public.user_auth_message USING btree (receiver_id);


--
-- Name: user_auth_message_sender_id_bc7f1a77; Type: INDEX; Schema: public; Owner: gr10
--

CREATE INDEX user_auth_message_sender_id_bc7f1a77 ON public.user_auth_message USING btree (sender_id);


--
-- Name: user_auth_message_timestamp_d70b91de; Type: INDEX; Schema: public; Owner: gr10
--

CREATE INDEX user_auth_message_timestamp_d70b91de ON public.user_auth_message USING btree ("timestamp");


--
-- Name: user_auth_relationship_from_user_id_f341a960; Type: INDEX; Schema: public; Owner: gr10
--

CREATE INDEX user_auth_relationship_from_user_id_f341a960 ON public.user_auth_relationship USING btree (from_user_id);


--
-- Name: user_auth_relationship_to_user_id_8ce41762; Type: INDEX; Schema: public; Owner: gr10
--

CREATE INDEX user_auth_relationship_to_user_id_8ce41762 ON public.user_auth_relationship USING btree (to_user_id);


--
-- Name: user_auth_report_reported_by_id_435c2f5f; Type: INDEX; Schema: public; Owner: gr10
--

CREATE INDEX user_auth_report_reported_by_id_435c2f5f ON public.user_auth_report USING btree (reported_by_id);


--
-- Name: user_auth_report_reported_user_id_df58d428; Type: INDEX; Schema: public; Owner: gr10
--

CREATE INDEX user_auth_report_reported_user_id_df58d428 ON public.user_auth_report USING btree (reported_user_id);


--
-- Name: user_auth_transaction_receiver_id_c0254e75; Type: INDEX; Schema: public; Owner: gr10
--

CREATE INDEX user_auth_transaction_receiver_id_c0254e75 ON public.user_auth_transaction USING btree (receiver_id);


--
-- Name: user_auth_transaction_sender_id_8fdb4e0a; Type: INDEX; Schema: public; Owner: gr10
--

CREATE INDEX user_auth_transaction_sender_id_8fdb4e0a ON public.user_auth_transaction USING btree (sender_id);


--
-- Name: user_auth_transaction_timestamp_40eab018; Type: INDEX; Schema: public; Owner: gr10
--

CREATE INDEX user_auth_transaction_timestamp_40eab018 ON public.user_auth_transaction USING btree ("timestamp");


--
-- Name: admin_panel_adminuser_groups admin_panel_adminuse_adminuser_id_3165d845_fk_admin_pan; Type: FK CONSTRAINT; Schema: public; Owner: gr10
--

ALTER TABLE ONLY public.admin_panel_adminuser_groups
    ADD CONSTRAINT admin_panel_adminuse_adminuser_id_3165d845_fk_admin_pan FOREIGN KEY (adminuser_id) REFERENCES public.admin_panel_adminuser(id) DEFERRABLE INITIALLY DEFERRED;


--
-- Name: admin_panel_adminuser_user_permissions admin_panel_adminuse_adminuser_id_d2fff1f3_fk_admin_pan; Type: FK CONSTRAINT; Schema: public; Owner: gr10
--

ALTER TABLE ONLY public.admin_panel_adminuser_user_permissions
    ADD CONSTRAINT admin_panel_adminuse_adminuser_id_d2fff1f3_fk_admin_pan FOREIGN KEY (adminuser_id) REFERENCES public.admin_panel_adminuser(id) DEFERRABLE INITIALLY DEFERRED;


--
-- Name: admin_panel_adminuser_user_permissions admin_panel_adminuse_permission_id_abe94850_fk_auth_perm; Type: FK CONSTRAINT; Schema: public; Owner: gr10
--

ALTER TABLE ONLY public.admin_panel_adminuser_user_permissions
    ADD CONSTRAINT admin_panel_adminuse_permission_id_abe94850_fk_auth_perm FOREIGN KEY (permission_id) REFERENCES public.auth_permission(id) DEFERRABLE INITIALLY DEFERRED;


--
-- Name: admin_panel_adminuser_groups admin_panel_adminuser_groups_group_id_9b0c1ad9_fk_auth_group_id; Type: FK CONSTRAINT; Schema: public; Owner: gr10
--

ALTER TABLE ONLY public.admin_panel_adminuser_groups
    ADD CONSTRAINT admin_panel_adminuser_groups_group_id_9b0c1ad9_fk_auth_group_id FOREIGN KEY (group_id) REFERENCES public.auth_group(id) DEFERRABLE INITIALLY DEFERRED;


--
-- Name: auth_group_permissions auth_group_permissio_permission_id_84c5c92e_fk_auth_perm; Type: FK CONSTRAINT; Schema: public; Owner: gr10
--

ALTER TABLE ONLY public.auth_group_permissions
    ADD CONSTRAINT auth_group_permissio_permission_id_84c5c92e_fk_auth_perm FOREIGN KEY (permission_id) REFERENCES public.auth_permission(id) DEFERRABLE INITIALLY DEFERRED;


--
-- Name: auth_group_permissions auth_group_permissions_group_id_b120cbf9_fk_auth_group_id; Type: FK CONSTRAINT; Schema: public; Owner: gr10
--

ALTER TABLE ONLY public.auth_group_permissions
    ADD CONSTRAINT auth_group_permissions_group_id_b120cbf9_fk_auth_group_id FOREIGN KEY (group_id) REFERENCES public.auth_group(id) DEFERRABLE INITIALLY DEFERRED;


--
-- Name: auth_permission auth_permission_content_type_id_2f476e4b_fk_django_co; Type: FK CONSTRAINT; Schema: public; Owner: gr10
--

ALTER TABLE ONLY public.auth_permission
    ADD CONSTRAINT auth_permission_content_type_id_2f476e4b_fk_django_co FOREIGN KEY (content_type_id) REFERENCES public.django_content_type(id) DEFERRABLE INITIALLY DEFERRED;


--
-- Name: django_admin_log django_admin_log_content_type_id_c4bce8eb_fk_django_co; Type: FK CONSTRAINT; Schema: public; Owner: gr10
--

ALTER TABLE ONLY public.django_admin_log
    ADD CONSTRAINT django_admin_log_content_type_id_c4bce8eb_fk_django_co FOREIGN KEY (content_type_id) REFERENCES public.django_content_type(id) DEFERRABLE INITIALLY DEFERRED;


--
-- Name: django_admin_log django_admin_log_user_id_c564eba6_fk_user_auth_customuser_id; Type: FK CONSTRAINT; Schema: public; Owner: gr10
--

ALTER TABLE ONLY public.django_admin_log
    ADD CONSTRAINT django_admin_log_user_id_c564eba6_fk_user_auth_customuser_id FOREIGN KEY (user_id) REFERENCES public.user_auth_customuser(id) DEFERRABLE INITIALLY DEFERRED;


--
-- Name: marketplace_artifact marketplace_artifact_seller_id_b90dcc83_fk_user_auth; Type: FK CONSTRAINT; Schema: public; Owner: gr10
--

ALTER TABLE ONLY public.marketplace_artifact
    ADD CONSTRAINT marketplace_artifact_seller_id_b90dcc83_fk_user_auth FOREIGN KEY (seller_id) REFERENCES public.user_auth_customuser(id) DEFERRABLE INITIALLY DEFERRED;


--
-- Name: marketplace_order marketplace_order_buyer_id_cf7822e3_fk_user_auth_customuser_id; Type: FK CONSTRAINT; Schema: public; Owner: gr10
--

ALTER TABLE ONLY public.marketplace_order
    ADD CONSTRAINT marketplace_order_buyer_id_cf7822e3_fk_user_auth_customuser_id FOREIGN KEY (buyer_id) REFERENCES public.user_auth_customuser(id) DEFERRABLE INITIALLY DEFERRED;


--
-- Name: marketplace_order marketplace_order_product_id_aa0b6ce3_fk_marketplace_product_id; Type: FK CONSTRAINT; Schema: public; Owner: gr10
--

ALTER TABLE ONLY public.marketplace_order
    ADD CONSTRAINT marketplace_order_product_id_aa0b6ce3_fk_marketplace_product_id FOREIGN KEY (product_id) REFERENCES public.marketplace_product(id) DEFERRABLE INITIALLY DEFERRED;


--
-- Name: marketplace_product marketplace_product_category_id_2f8b8b50_fk_marketpla; Type: FK CONSTRAINT; Schema: public; Owner: gr10
--

ALTER TABLE ONLY public.marketplace_product
    ADD CONSTRAINT marketplace_product_category_id_2f8b8b50_fk_marketpla FOREIGN KEY (category_id) REFERENCES public.marketplace_category(id) DEFERRABLE INITIALLY DEFERRED;


--
-- Name: marketplace_product marketplace_product_seller_id_8e970131_fk_user_auth; Type: FK CONSTRAINT; Schema: public; Owner: gr10
--

ALTER TABLE ONLY public.marketplace_product
    ADD CONSTRAINT marketplace_product_seller_id_8e970131_fk_user_auth FOREIGN KEY (seller_id) REFERENCES public.user_auth_customuser(id) DEFERRABLE INITIALLY DEFERRED;


--
-- Name: user_auth_block user_auth_block_blocked_id_b273cd9f_fk_user_auth_customuser_id; Type: FK CONSTRAINT; Schema: public; Owner: gr10
--

ALTER TABLE ONLY public.user_auth_block
    ADD CONSTRAINT user_auth_block_blocked_id_b273cd9f_fk_user_auth_customuser_id FOREIGN KEY (blocked_id) REFERENCES public.user_auth_customuser(id) DEFERRABLE INITIALLY DEFERRED;


--
-- Name: user_auth_block user_auth_block_blocker_id_01e871b6_fk_user_auth_customuser_id; Type: FK CONSTRAINT; Schema: public; Owner: gr10
--

ALTER TABLE ONLY public.user_auth_block
    ADD CONSTRAINT user_auth_block_blocker_id_01e871b6_fk_user_auth_customuser_id FOREIGN KEY (blocker_id) REFERENCES public.user_auth_customuser(id) DEFERRABLE INITIALLY DEFERRED;


--
-- Name: user_auth_customuser_user_permissions user_auth_customuser_customuser_id_1af44b47_fk_user_auth; Type: FK CONSTRAINT; Schema: public; Owner: gr10
--

ALTER TABLE ONLY public.user_auth_customuser_user_permissions
    ADD CONSTRAINT user_auth_customuser_customuser_id_1af44b47_fk_user_auth FOREIGN KEY (customuser_id) REFERENCES public.user_auth_customuser(id) DEFERRABLE INITIALLY DEFERRED;


--
-- Name: user_auth_customuser_groups user_auth_customuser_customuser_id_28fc3501_fk_user_auth; Type: FK CONSTRAINT; Schema: public; Owner: gr10
--

ALTER TABLE ONLY public.user_auth_customuser_groups
    ADD CONSTRAINT user_auth_customuser_customuser_id_28fc3501_fk_user_auth FOREIGN KEY (customuser_id) REFERENCES public.user_auth_customuser(id) DEFERRABLE INITIALLY DEFERRED;


--
-- Name: user_auth_customuser_groups user_auth_customuser_groups_group_id_c5ab4b5a_fk_auth_group_id; Type: FK CONSTRAINT; Schema: public; Owner: gr10
--

ALTER TABLE ONLY public.user_auth_customuser_groups
    ADD CONSTRAINT user_auth_customuser_groups_group_id_c5ab4b5a_fk_auth_group_id FOREIGN KEY (group_id) REFERENCES public.auth_group(id) DEFERRABLE INITIALLY DEFERRED;


--
-- Name: user_auth_customuser_user_permissions user_auth_customuser_permission_id_eed84bc9_fk_auth_perm; Type: FK CONSTRAINT; Schema: public; Owner: gr10
--

ALTER TABLE ONLY public.user_auth_customuser_user_permissions
    ADD CONSTRAINT user_auth_customuser_permission_id_eed84bc9_fk_auth_perm FOREIGN KEY (permission_id) REFERENCES public.auth_permission(id) DEFERRABLE INITIALLY DEFERRED;


--
-- Name: user_auth_friendrequest user_auth_friendrequ_from_user_id_a40d2145_fk_user_auth; Type: FK CONSTRAINT; Schema: public; Owner: gr10
--

ALTER TABLE ONLY public.user_auth_friendrequest
    ADD CONSTRAINT user_auth_friendrequ_from_user_id_a40d2145_fk_user_auth FOREIGN KEY (from_user_id) REFERENCES public.user_auth_customuser(id) DEFERRABLE INITIALLY DEFERRED;


--
-- Name: user_auth_friendrequest user_auth_friendrequ_to_user_id_4d5cc311_fk_user_auth; Type: FK CONSTRAINT; Schema: public; Owner: gr10
--

ALTER TABLE ONLY public.user_auth_friendrequest
    ADD CONSTRAINT user_auth_friendrequ_to_user_id_4d5cc311_fk_user_auth FOREIGN KEY (to_user_id) REFERENCES public.user_auth_customuser(id) DEFERRABLE INITIALLY DEFERRED;


--
-- Name: user_auth_groupchat_members user_auth_groupchat__customuser_id_9f664e8c_fk_user_auth; Type: FK CONSTRAINT; Schema: public; Owner: gr10
--

ALTER TABLE ONLY public.user_auth_groupchat_members
    ADD CONSTRAINT user_auth_groupchat__customuser_id_9f664e8c_fk_user_auth FOREIGN KEY (customuser_id) REFERENCES public.user_auth_customuser(id) DEFERRABLE INITIALLY DEFERRED;


--
-- Name: user_auth_groupchat_members user_auth_groupchat__groupchat_id_b953af62_fk_user_auth; Type: FK CONSTRAINT; Schema: public; Owner: gr10
--

ALTER TABLE ONLY public.user_auth_groupchat_members
    ADD CONSTRAINT user_auth_groupchat__groupchat_id_b953af62_fk_user_auth FOREIGN KEY (groupchat_id) REFERENCES public.user_auth_groupchat(id) DEFERRABLE INITIALLY DEFERRED;


--
-- Name: user_auth_groupmessage user_auth_groupmessa_group_id_679bfd02_fk_user_auth; Type: FK CONSTRAINT; Schema: public; Owner: gr10
--

ALTER TABLE ONLY public.user_auth_groupmessage
    ADD CONSTRAINT user_auth_groupmessa_group_id_679bfd02_fk_user_auth FOREIGN KEY (group_id) REFERENCES public.user_auth_groupchat(id) DEFERRABLE INITIALLY DEFERRED;


--
-- Name: user_auth_groupmessage user_auth_groupmessa_sender_id_d25ce44e_fk_user_auth; Type: FK CONSTRAINT; Schema: public; Owner: gr10
--

ALTER TABLE ONLY public.user_auth_groupmessage
    ADD CONSTRAINT user_auth_groupmessa_sender_id_d25ce44e_fk_user_auth FOREIGN KEY (sender_id) REFERENCES public.user_auth_customuser(id) DEFERRABLE INITIALLY DEFERRED;


--
-- Name: user_auth_message user_auth_message_receiver_id_969459ed_fk_user_auth; Type: FK CONSTRAINT; Schema: public; Owner: gr10
--

ALTER TABLE ONLY public.user_auth_message
    ADD CONSTRAINT user_auth_message_receiver_id_969459ed_fk_user_auth FOREIGN KEY (receiver_id) REFERENCES public.user_auth_customuser(id) DEFERRABLE INITIALLY DEFERRED;


--
-- Name: user_auth_message user_auth_message_sender_id_bc7f1a77_fk_user_auth_customuser_id; Type: FK CONSTRAINT; Schema: public; Owner: gr10
--

ALTER TABLE ONLY public.user_auth_message
    ADD CONSTRAINT user_auth_message_sender_id_bc7f1a77_fk_user_auth_customuser_id FOREIGN KEY (sender_id) REFERENCES public.user_auth_customuser(id) DEFERRABLE INITIALLY DEFERRED;


--
-- Name: user_auth_otpverification user_auth_otpverific_user_id_2731a3c2_fk_user_auth; Type: FK CONSTRAINT; Schema: public; Owner: gr10
--

ALTER TABLE ONLY public.user_auth_otpverification
    ADD CONSTRAINT user_auth_otpverific_user_id_2731a3c2_fk_user_auth FOREIGN KEY (user_id) REFERENCES public.user_auth_customuser(id) DEFERRABLE INITIALLY DEFERRED;


--
-- Name: user_auth_relationship user_auth_relationsh_from_user_id_f341a960_fk_user_auth; Type: FK CONSTRAINT; Schema: public; Owner: gr10
--

ALTER TABLE ONLY public.user_auth_relationship
    ADD CONSTRAINT user_auth_relationsh_from_user_id_f341a960_fk_user_auth FOREIGN KEY (from_user_id) REFERENCES public.user_auth_customuser(id) DEFERRABLE INITIALLY DEFERRED;


--
-- Name: user_auth_relationship user_auth_relationsh_to_user_id_8ce41762_fk_user_auth; Type: FK CONSTRAINT; Schema: public; Owner: gr10
--

ALTER TABLE ONLY public.user_auth_relationship
    ADD CONSTRAINT user_auth_relationsh_to_user_id_8ce41762_fk_user_auth FOREIGN KEY (to_user_id) REFERENCES public.user_auth_customuser(id) DEFERRABLE INITIALLY DEFERRED;


--
-- Name: user_auth_report user_auth_report_reported_by_id_435c2f5f_fk_user_auth; Type: FK CONSTRAINT; Schema: public; Owner: gr10
--

ALTER TABLE ONLY public.user_auth_report
    ADD CONSTRAINT user_auth_report_reported_by_id_435c2f5f_fk_user_auth FOREIGN KEY (reported_by_id) REFERENCES public.user_auth_customuser(id) DEFERRABLE INITIALLY DEFERRED;


--
-- Name: user_auth_report user_auth_report_reported_user_id_df58d428_fk_user_auth; Type: FK CONSTRAINT; Schema: public; Owner: gr10
--

ALTER TABLE ONLY public.user_auth_report
    ADD CONSTRAINT user_auth_report_reported_user_id_df58d428_fk_user_auth FOREIGN KEY (reported_user_id) REFERENCES public.user_auth_customuser(id) DEFERRABLE INITIALLY DEFERRED;


--
-- Name: user_auth_transaction user_auth_transactio_receiver_id_c0254e75_fk_user_auth; Type: FK CONSTRAINT; Schema: public; Owner: gr10
--

ALTER TABLE ONLY public.user_auth_transaction
    ADD CONSTRAINT user_auth_transactio_receiver_id_c0254e75_fk_user_auth FOREIGN KEY (receiver_id) REFERENCES public.user_auth_customuser(id) DEFERRABLE INITIALLY DEFERRED;


--
-- Name: user_auth_transaction user_auth_transactio_sender_id_8fdb4e0a_fk_user_auth; Type: FK CONSTRAINT; Schema: public; Owner: gr10
--

ALTER TABLE ONLY public.user_auth_transaction
    ADD CONSTRAINT user_auth_transactio_sender_id_8fdb4e0a_fk_user_auth FOREIGN KEY (sender_id) REFERENCES public.user_auth_customuser(id) DEFERRABLE INITIALLY DEFERRED;


--
-- Name: user_auth_userprofile user_auth_userprofil_user_id_50430fe4_fk_user_auth; Type: FK CONSTRAINT; Schema: public; Owner: gr10
--

ALTER TABLE ONLY public.user_auth_userprofile
    ADD CONSTRAINT user_auth_userprofil_user_id_50430fe4_fk_user_auth FOREIGN KEY (user_id) REFERENCES public.user_auth_customuser(id) DEFERRABLE INITIALLY DEFERRED;


--
-- PostgreSQL database dump complete
--

